;CO_TAZID,Index,TOTHH,HHPOP,HHSIZE,TOTEMP,RETEMP,INDEMP,OTHEMP,ALLEMP,RETL,FOOD,MANU,WSLE,OFFI,GVED,HLTH,OTHR,FM_AGRI,FM_MING,FM_CONS,HBJ,SEC_HOME,CABIN,CONDO,HOTEL,AVGINCOME,Enrol_Elem,Enrol_Midl,Enrol_High,Sub_Area,CO_FIPS,CO_NAME,DISTLRG,DLRG_NAME,DISTMED,DMED_NAME,DISTSML,DSML_NAME,CITY_NAME
3001,1,131.3,344.1,2.62,35.0,1.7,3.0,30.3,58.8,1.0,0.7,2.2,0.8,0.5,26.1,1.1,2.6,0.0,0.0,16.8,7.0,0,0,0,0,64145,0,0,0,0,3,BOX ELDER,1,East Box Elder County not WFRC,1,Northeast Box Elder County,5,Portage,Portage
3002,2,0.0,0.0,0.00,0.0,0.0,0.0,0.0,0.0,0.0,0.0,0.0,0.0,0.0,0.0,0.0,0.0,0.0,0.0,0.0,0.0,0,0,0,0,64145,0,0,0,0,3,BOX ELDER,1,East Box Elder County not WFRC,1,Northeast Box Elder County,4,Portage Area,Balance of Box Elder
3003,3,2.9,7.1,2.51,0.0,0.0,0.0,0.0,0.2,0.0,0.0,0.0,0.0,0.0,0.0,0.0,0.0,0.0,0.0,0.0,0.2,0,0,0,0,64145,0,0,0,0,3,BOX ELDER,1,East Box Elder County not WFRC,1,Northeast Box Elder County,4,Portage Area,Balance of Box Elder
3004,4,3.5,12.0,3.46,0.0,0.0,0.0,0.0,0.2,0.0,0.0,0.0,0.0,0.0,0.0,0.0,0.0,0.0,0.0,0.0,0.2,0,0,0,0,64145,0,0,0,0,3,BOX ELDER,1,East Box Elder County not WFRC,1,Northeast Box Elder County,4,Portage Area,Balance of Box Elder
3005,5,2.4,6.0,2.51,56.1,5.4,33.8,17.0,94.0,3.2,2.1,30.7,3.1,1.5,4.0,3.5,7.9,37.8,0.0,0.0,0.1,0,0,0,0,64145,0,0,0,0,3,BOX ELDER,1,East Box Elder County not WFRC,1,Northeast Box Elder County,4,Portage Area,Balance of Box Elder
3006,6,0.0,0.0,0.00,0.0,0.0,0.0,0.0,0.0,0.0,0.0,0.0,0.0,0.0,0.0,0.0,0.0,0.0,0.0,0.0,0.0,0,0,0,0,64145,0,0,0,0,3,BOX ELDER,1,East Box Elder County not WFRC,1,Northeast Box Elder County,4,Portage Area,Balance of Box Elder
3007,7,6.1,17.0,2.80,0.0,0.0,0.0,0.0,0.3,0.0,0.0,0.0,0.0,0.0,0.0,0.0,0.0,0.0,0.0,0.0,0.3,0,0,0,0,64145,0,0,0,0,3,BOX ELDER,1,East Box Elder County not WFRC,1,Northeast Box Elder County,4,Portage Area,Balance of Box Elder
3008,8,3.1,6.6,2.13,0.0,0.0,0.0,0.0,17.0,0.0,0.0,0.0,0.0,0.0,0.0,0.0,0.0,16.8,0.0,0.0,0.2,0,0,0,0,64145,0,0,0,0,3,BOX ELDER,1,East Box Elder County not WFRC,1,Northeast Box Elder County,4,Portage Area,Balance of Box Elder
3009,9,0.0,0.0,0.00,0.0,0.0,0.0,0.0,0.0,0.0,0.0,0.0,0.0,0.0,0.0,0.0,0.0,0.0,0.0,0.0,0.0,0,0,0,0,64145,0,0,0,0,3,BOX ELDER,1,East Box Elder County not WFRC,1,Northeast Box Elder County,4,Portage Area,Balance of Box Elder
3010,10,0.0,0.0,0.00,0.0,0.0,0.0,0.0,0.0,0.0,0.0,0.0,0.0,0.0,0.0,0.0,0.0,0.0,0.0,0.0,0.0,0,0,0,0,64145,0,0,0,0,3,BOX ELDER,1,East Box Elder County not WFRC,1,Northeast Box Elder County,4,Portage Area,Balance of Box Elder
3011,11,0.0,0.0,0.00,0.0,0.0,0.0,0.0,0.0,0.0,0.0,0.0,0.0,0.0,0.0,0.0,0.0,0.0,0.0,0.0,0.0,0,0,0,0,64145,0,0,0,0,3,BOX ELDER,1,East Box Elder County not WFRC,1,Northeast Box Elder County,4,Portage Area,Balance of Box Elder
3012,12,3.3,8.1,2.46,0.0,0.0,0.0,0.0,0.2,0.0,0.0,0.0,0.0,0.0,0.0,0.0,0.0,0.0,0.0,0.0,0.2,0,0,0,0,64145,0,0,0,0,3,BOX ELDER,1,East Box Elder County not WFRC,1,Northeast Box Elder County,4,Portage Area,Balance of Box Elder
3013,13,194.7,484.6,2.49,55.0,19.3,6.7,29.0,174.6,2.7,16.7,3.4,3.3,0.8,22.6,1.7,3.9,0.0,38.5,70.8,10.3,0,0,0,0,64145,0,0,0,0,3,BOX ELDER,1,East Box Elder County not WFRC,1,Northeast Box Elder County,19,Plymouth,Plymouth
3014,14,0.0,0.0,0.00,0.0,0.0,0.0,0.0,0.0,0.0,0.0,0.0,0.0,0.0,0.0,0.0,0.0,0.0,0.0,0.0,0.0,0,0,0,0,64145,0,0,0,0,3,BOX ELDER,1,East Box Elder County not WFRC,1,Northeast Box Elder County,17,Plymouth Area,Balance of Box Elder
3015,15,0.0,0.0,0.00,0.0,0.0,0.0,0.0,0.0,0.0,0.0,0.0,0.0,0.0,0.0,0.0,0.0,0.0,0.0,0.0,0.0,0,0,0,0,64145,0,0,0,0,3,BOX ELDER,1,East Box Elder County not WFRC,1,Northeast Box Elder County,17,Plymouth Area,Balance of Box Elder
3016,16,0.0,0.0,0.00,0.0,0.0,0.0,0.0,0.0,0.0,0.0,0.0,0.0,0.0,0.0,0.0,0.0,0.0,0.0,0.0,0.0,0,0,0,0,64145,0,0,0,0,3,BOX ELDER,1,East Box Elder County not WFRC,1,Northeast Box Elder County,17,Plymouth Area,Balance of Box Elder
3017,17,8.3,31.1,3.75,5.7,0.7,2.8,2.1,6.1,0.4,0.3,2.5,0.3,0.2,0.5,0.4,1.0,0.0,0.0,0.0,0.4,0,0,0,0,64145,0,0,0,0,3,BOX ELDER,1,East Box Elder County not WFRC,1,Northeast Box Elder County,17,Plymouth Area,Balance of Box Elder
3018,18,0.0,0.0,0.00,0.0,0.0,0.0,0.0,0.0,0.0,0.0,0.0,0.0,0.0,0.0,0.0,0.0,0.0,0.0,0.0,0.0,0,0,0,0,64145,0,0,0,0,3,BOX ELDER,1,East Box Elder County not WFRC,1,Northeast Box Elder County,17,Plymouth Area,Balance of Box Elder
3019,19,6.6,26.0,3.96,0.0,0.0,0.0,0.0,0.3,0.0,0.0,0.0,0.0,0.0,0.0,0.0,0.0,0.0,0.0,0.0,0.3,0,0,0,0,64145,0,0,0,0,3,BOX ELDER,1,East Box Elder County not WFRC,1,Northeast Box Elder County,17,Plymouth Area,Balance of Box Elder
3020,20,0.0,0.0,0.00,522.8,4.7,503.3,14.8,522.8,2.9,1.8,452.3,51.0,1.3,3.5,3.1,6.9,0.0,0.0,0.0,0.0,0,0,0,0,64145,0,0,0,0,3,BOX ELDER,1,East Box Elder County not WFRC,1,Northeast Box Elder County,17,Plymouth Area,Balance of Box Elder
3021,21,0.0,0.0,0.00,0.0,0.0,0.0,0.0,0.0,0.0,0.0,0.0,0.0,0.0,0.0,0.0,0.0,0.0,0.0,0.0,0.0,0,0,0,0,64145,0,0,0,0,3,BOX ELDER,1,East Box Elder County not WFRC,1,Northeast Box Elder County,17,Plymouth Area,Balance of Box Elder
3022,22,0.0,0.0,0.00,63.3,0.0,63.3,0.0,63.3,0.0,0.0,63.3,0.0,0.0,0.0,0.0,0.0,0.0,0.0,0.0,0.0,0,0,0,0,64145,0,0,0,0,3,BOX ELDER,1,East Box Elder County not WFRC,1,Northeast Box Elder County,17,Plymouth Area,Balance of Box Elder
3023,23,5.0,13.7,2.71,0.0,0.0,0.0,0.0,0.3,0.0,0.0,0.0,0.0,0.0,0.0,0.0,0.0,0.0,0.0,0.0,0.3,0,0,0,0,64145,0,0,0,0,3,BOX ELDER,1,East Box Elder County not WFRC,1,Northeast Box Elder County,17,Plymouth Area,Balance of Box Elder
3024,24,0.0,0.0,0.00,0.0,0.0,0.0,0.0,0.0,0.0,0.0,0.0,0.0,0.0,0.0,0.0,0.0,0.0,0.0,0.0,0.0,0,0,0,0,64145,0,0,0,0,3,BOX ELDER,1,East Box Elder County not WFRC,1,Northeast Box Elder County,17,Plymouth Area,Balance of Box Elder
3025,25,0.0,0.0,0.00,0.0,0.0,0.0,0.0,0.0,0.0,0.0,0.0,0.0,0.0,0.0,0.0,0.0,0.0,0.0,0.0,0.0,0,0,0,0,64145,0,0,0,0,3,BOX ELDER,1,East Box Elder County not WFRC,1,Northeast Box Elder County,17,Plymouth Area,Balance of Box Elder
3026,26,0.0,0.0,0.00,0.0,0.0,0.0,0.0,0.0,0.0,0.0,0.0,0.0,0.0,0.0,0.0,0.0,0.0,0.0,0.0,0.0,0,0,0,0,64145,0,0,0,0,3,BOX ELDER,1,East Box Elder County not WFRC,1,Northeast Box Elder County,17,Plymouth Area,Balance of Box Elder
3027,27,4.1,11.1,2.71,0.0,0.0,0.0,0.0,0.2,0.0,0.0,0.0,0.0,0.0,0.0,0.0,0.0,0.0,0.0,0.0,0.2,0,0,0,0,64145,0,0,0,0,3,BOX ELDER,1,East Box Elder County not WFRC,1,Northeast Box Elder County,17,Plymouth Area,Balance of Box Elder
3028,28,0.0,0.0,0.00,0.0,0.0,0.0,0.0,0.0,0.0,0.0,0.0,0.0,0.0,0.0,0.0,0.0,0.0,0.0,0.0,0.0,0,0,0,0,64145,0,0,0,0,3,BOX ELDER,1,East Box Elder County not WFRC,1,Northeast Box Elder County,17,Plymouth Area,Balance of Box Elder
3029,29,0.0,0.0,0.00,0.0,0.0,0.0,0.0,0.0,0.0,0.0,0.0,0.0,0.0,0.0,0.0,0.0,0.0,0.0,0.0,0.0,0,0,0,0,64145,0,0,0,0,3,BOX ELDER,1,East Box Elder County not WFRC,1,Northeast Box Elder County,17,Plymouth Area,Balance of Box Elder
3030,30,0.0,0.0,0.00,0.0,0.0,0.0,0.0,0.0,0.0,0.0,0.0,0.0,0.0,0.0,0.0,0.0,0.0,0.0,0.0,0.0,0,0,0,0,64145,0,0,0,0,3,BOX ELDER,1,East Box Elder County not WFRC,1,Northeast Box Elder County,17,Plymouth Area,Balance of Box Elder
3031,31,0.0,0.0,0.00,0.0,0.0,0.0,0.0,0.0,0.0,0.0,0.0,0.0,0.0,0.0,0.0,0.0,0.0,0.0,0.0,0.0,0,0,0,0,64145,0,0,0,0,3,BOX ELDER,1,East Box Elder County not WFRC,1,Northeast Box Elder County,17,Plymouth Area,Balance of Box Elder
3032,32,0.0,0.0,0.00,0.0,0.0,0.0,0.0,0.0,0.0,0.0,0.0,0.0,0.0,0.0,0.0,0.0,0.0,0.0,0.0,0.0,0,0,0,0,64145,0,0,0,0,3,BOX ELDER,1,East Box Elder County not WFRC,1,Northeast Box Elder County,17,Plymouth Area,Balance of Box Elder
3033,33,0.0,0.0,0.00,0.0,0.0,0.0,0.0,0.0,0.0,0.0,0.0,0.0,0.0,0.0,0.0,0.0,0.0,0.0,0.0,0.0,0,0,0,0,64145,0,0,0,0,3,BOX ELDER,1,East Box Elder County not WFRC,1,Northeast Box Elder County,17,Plymouth Area,Balance of Box Elder
3034,34,41.4,103.9,2.51,2.3,0.0,0.0,2.3,4.5,0.0,0.0,0.0,0.0,0.0,0.0,0.0,2.3,0.0,0.0,0.0,2.2,0,0,0,0,64145,0,0,0,0,3,BOX ELDER,1,East Box Elder County not WFRC,1,Northeast Box Elder County,17,Plymouth Area,Balance of Box Elder
3035,35,9.8,27.5,2.80,0.0,0.0,0.0,0.0,0.5,0.0,0.0,0.0,0.0,0.0,0.0,0.0,0.0,0.0,0.0,0.0,0.5,0,0,0,0,64145,0,0,0,0,3,BOX ELDER,1,East Box Elder County not WFRC,1,Northeast Box Elder County,17,Plymouth Area,Balance of Box Elder
3036,36,17.7,28.1,1.59,0.0,0.0,0.0,0.0,0.9,0.0,0.0,0.0,0.0,0.0,0.0,0.0,0.0,0.0,0.0,0.0,0.9,0,0,0,0,64145,0,0,0,0,3,BOX ELDER,1,East Box Elder County not WFRC,1,Northeast Box Elder County,17,Plymouth Area,Balance of Box Elder
3037,37,0.0,0.0,0.00,0.0,0.0,0.0,0.0,0.0,0.0,0.0,0.0,0.0,0.0,0.0,0.0,0.0,0.0,0.0,0.0,0.0,0,0,0,0,64145,0,0,0,0,3,BOX ELDER,1,East Box Elder County not WFRC,1,Northeast Box Elder County,17,Plymouth Area,Balance of Box Elder
3038,38,0.0,0.0,0.00,0.0,0.0,0.0,0.0,0.0,0.0,0.0,0.0,0.0,0.0,0.0,0.0,0.0,0.0,0.0,0.0,0.0,0,0,0,0,64145,0,0,0,0,3,BOX ELDER,1,East Box Elder County not WFRC,1,Northeast Box Elder County,17,Plymouth Area,Balance of Box Elder
3039,39,13.4,41.3,3.08,0.0,0.0,0.0,0.0,17.5,0.0,0.0,0.0,0.0,0.0,0.0,0.0,0.0,16.8,0.0,0.0,0.7,0,0,0,0,64145,0,0,0,0,3,BOX ELDER,1,East Box Elder County not WFRC,1,Northeast Box Elder County,17,Plymouth Area,Balance of Box Elder
3040,40,32.2,88.4,2.74,0.0,0.0,0.0,0.0,1.7,0.0,0.0,0.0,0.0,0.0,0.0,0.0,0.0,0.0,0.0,0.0,1.7,0,0,0,0,87119,0,0,0,0,3,BOX ELDER,1,East Box Elder County not WFRC,1,Northeast Box Elder County,17,Plymouth Area,Balance of Box Elder
3041,41,10.3,15.1,1.46,0.0,0.0,0.0,0.0,0.5,0.0,0.0,0.0,0.0,0.0,0.0,0.0,0.0,0.0,0.0,0.0,0.5,0,0,0,0,87119,0,0,0,0,3,BOX ELDER,1,East Box Elder County not WFRC,1,Northeast Box Elder County,17,Plymouth Area,Balance of Box Elder
3042,42,100.3,286.1,2.85,0.0,0.0,0.0,0.0,5.3,0.0,0.0,0.0,0.0,0.0,0.0,0.0,0.0,0.0,0.0,0.0,5.3,0,0,0,0,87119,0,0,0,0,3,BOX ELDER,1,East Box Elder County not WFRC,1,Northeast Box Elder County,17,Plymouth Area,Balance of Box Elder
3043,43,18.1,41.7,2.30,0.0,0.0,0.0,0.0,43.0,0.0,0.0,0.0,0.0,0.0,0.0,0.0,0.0,42.0,0.0,0.0,1.0,0,0,0,0,87119,0,0,0,0,3,BOX ELDER,1,East Box Elder County not WFRC,1,Northeast Box Elder County,17,Plymouth Area,Balance of Box Elder
3044,44,1.9,8.7,4.46,0.0,0.0,0.0,0.0,0.1,0.0,0.0,0.0,0.0,0.0,0.0,0.0,0.0,0.0,0.0,0.0,0.1,0,0,0,0,87119,0,0,0,0,3,BOX ELDER,1,East Box Elder County not WFRC,1,Northeast Box Elder County,17,Plymouth Area,Balance of Box Elder
3045,45,1.9,8.7,4.46,0.0,0.0,0.0,0.0,0.1,0.0,0.0,0.0,0.0,0.0,0.0,0.0,0.0,0.0,0.0,0.0,0.1,0,0,0,0,87119,0,0,0,0,3,BOX ELDER,1,East Box Elder County not WFRC,1,Northeast Box Elder County,17,Plymouth Area,Balance of Box Elder
3046,46,3.5,8.6,2.46,0.0,0.0,0.0,0.0,0.2,0.0,0.0,0.0,0.0,0.0,0.0,0.0,0.0,0.0,0.0,0.0,0.2,0,0,0,0,87119,0,0,0,0,3,BOX ELDER,1,East Box Elder County not WFRC,1,Northeast Box Elder County,17,Plymouth Area,Balance of Box Elder
3047,47,279.2,766.6,2.75,71.0,3.5,15.9,51.6,122.2,2.1,1.4,4.6,11.3,1.0,43.0,2.4,5.3,0.0,0.0,36.3,14.8,0,0,0,0,87119,450,0,0,0,3,BOX ELDER,1,East Box Elder County not WFRC,1,Northeast Box Elder County,27,Fielding,Fielding
3048,48,25.5,80.0,3.14,20.9,1.1,1.9,17.9,68.5,0.7,0.4,1.4,0.5,0.3,0.8,0.7,16.1,46.2,0.0,0.0,1.4,0,0,0,0,87119,0,0,0,0,3,BOX ELDER,1,East Box Elder County not WFRC,1,Northeast Box Elder County,24,Fielding Area,Balance of Box Elder
3049,49,24.9,56.3,2.26,4.7,0.0,0.0,4.7,6.0,0.0,0.0,0.0,0.0,0.0,0.0,0.0,4.7,0.0,0.0,0.0,1.3,0,0,0,0,87119,0,0,0,0,3,BOX ELDER,1,East Box Elder County not WFRC,1,Northeast Box Elder County,24,Fielding Area,Balance of Box Elder
3050,50,15.8,82.8,5.25,2.0,0.0,0.0,2.0,2.8,0.0,0.0,0.0,0.0,2.0,0.0,0.0,0.0,0.0,0.0,0.0,0.8,0,0,0,0,87119,0,0,0,0,3,BOX ELDER,1,East Box Elder County not WFRC,1,Northeast Box Elder County,24,Fielding Area,Balance of Box Elder
3051,51,11.6,15.9,1.37,0.0,0.0,0.0,0.0,0.6,0.0,0.0,0.0,0.0,0.0,0.0,0.0,0.0,0.0,0.0,0.0,0.6,0,0,0,0,87119,0,0,0,0,3,BOX ELDER,1,East Box Elder County not WFRC,1,Northeast Box Elder County,24,Fielding Area,Balance of Box Elder
3052,52,0.0,0.0,0.00,0.0,0.0,0.0,0.0,0.0,0.0,0.0,0.0,0.0,0.0,0.0,0.0,0.0,0.0,0.0,0.0,0.0,0,0,0,0,87119,0,0,0,0,3,BOX ELDER,1,East Box Elder County not WFRC,1,Northeast Box Elder County,24,Fielding Area,Balance of Box Elder
3053,53,0.0,0.0,0.00,0.0,0.0,0.0,0.0,0.0,0.0,0.0,0.0,0.0,0.0,0.0,0.0,0.0,0.0,0.0,0.0,0.0,0,0,0,0,87119,0,0,0,0,3,BOX ELDER,1,East Box Elder County not WFRC,1,Northeast Box Elder County,24,Fielding Area,Balance of Box Elder
3054,54,54.7,141.7,2.59,1.1,0.0,1.1,0.0,4.0,0.0,0.0,0.0,1.1,0.0,0.0,0.0,0.0,0.0,0.0,0.0,2.9,0,0,0,0,87119,0,0,0,0,3,BOX ELDER,1,East Box Elder County not WFRC,1,Northeast Box Elder County,24,Fielding Area,Balance of Box Elder
3055,55,42.1,122.3,2.91,18.3,0.0,0.0,18.3,20.5,0.0,0.0,0.0,0.0,2.2,8.9,0.0,7.3,0.0,0.0,0.0,2.2,0,0,0,0,64145,0,0,0,0,3,BOX ELDER,1,East Box Elder County not WFRC,1,Northeast Box Elder County,24,Fielding Area,Balance of Box Elder
3056,56,31.2,99.0,3.17,15.3,1.5,9.0,4.8,38.0,0.9,0.6,2.0,7.0,0.4,1.1,1.0,2.3,21.0,0.0,0.0,1.7,0,0,0,0,87119,0,0,0,0,3,BOX ELDER,1,East Box Elder County not WFRC,1,Northeast Box Elder County,24,Fielding Area,Balance of Box Elder
3057,57,13.6,23.0,1.69,8.8,0.0,8.8,0.0,9.5,0.0,0.0,0.0,8.8,0.0,0.0,0.0,0.0,0.0,0.0,0.0,0.7,0,0,0,0,87119,0,0,0,0,3,BOX ELDER,1,East Box Elder County not WFRC,1,Northeast Box Elder County,24,Fielding Area,Balance of Box Elder
3058,58,4.6,24.1,5.21,0.0,0.0,0.0,0.0,0.2,0.0,0.0,0.0,0.0,0.0,0.0,0.0,0.0,0.0,0.0,0.0,0.2,0,0,0,0,87119,0,0,0,0,3,BOX ELDER,1,East Box Elder County not WFRC,1,Northeast Box Elder County,24,Fielding Area,Balance of Box Elder
3059,59,11.7,27.0,2.30,0.0,0.0,0.0,0.0,0.6,0.0,0.0,0.0,0.0,0.0,0.0,0.0,0.0,0.0,0.0,0.0,0.6,0,0,0,0,87119,0,0,0,0,3,BOX ELDER,1,East Box Elder County not WFRC,1,Northeast Box Elder County,24,Fielding Area,Balance of Box Elder
3060,60,22.4,69.2,3.09,10.3,0.4,6.6,3.2,11.5,0.3,0.2,0.6,6.1,0.1,2.2,0.3,0.6,0.0,0.0,0.0,1.2,0,0,0,0,87119,0,0,0,0,3,BOX ELDER,1,East Box Elder County not WFRC,1,Northeast Box Elder County,24,Fielding Area,Balance of Box Elder
3061,61,85.9,248.9,2.90,0.0,0.0,0.0,0.0,4.6,0.0,0.0,0.0,0.0,0.0,0.0,0.0,0.0,0.0,0.0,0.0,4.6,0,0,0,0,87119,0,0,0,0,3,BOX ELDER,1,East Box Elder County not WFRC,1,Northeast Box Elder County,24,Fielding Area,Balance of Box Elder
3062,62,36.5,98.1,2.69,15.9,15.2,0.2,0.4,17.8,15.2,0.1,0.2,0.1,0.0,0.1,0.1,0.2,0.0,0.0,0.0,1.9,0,0,0,0,87119,0,0,0,0,3,BOX ELDER,1,East Box Elder County not WFRC,1,Northeast Box Elder County,24,Fielding Area,Balance of Box Elder
3063,63,2.9,7.2,2.46,0.0,0.0,0.0,0.0,0.2,0.0,0.0,0.0,0.0,0.0,0.0,0.0,0.0,0.0,0.0,0.0,0.2,0,0,0,0,87119,0,0,0,0,3,BOX ELDER,1,East Box Elder County not WFRC,1,Northeast Box Elder County,24,Fielding Area,Balance of Box Elder
3064,64,0.0,0.0,0.00,0.0,0.0,0.0,0.0,0.0,0.0,0.0,0.0,0.0,0.0,0.0,0.0,0.0,0.0,0.0,0.0,0.0,0,0,0,0,64145,0,0,0,0,3,BOX ELDER,1,East Box Elder County not WFRC,1,Northeast Box Elder County,24,Fielding Area,Balance of Box Elder
3065,65,19.3,35.3,1.83,8.0,0.9,1.6,5.5,9.0,0.6,0.4,1.2,0.4,0.3,0.7,0.6,3.9,0.0,0.0,0.0,1.0,0,0,0,0,77876,0,0,0,0,3,BOX ELDER,1,East Box Elder County not WFRC,1,Northeast Box Elder County,24,Fielding Area,Balance of Box Elder
3066,66,18.5,38.4,2.07,30.2,30.2,0.0,0.0,31.2,30.2,0.0,0.0,0.0,0.0,0.0,0.0,0.0,0.0,0.0,0.0,1.0,0,0,0,0,77876,0,0,0,0,3,BOX ELDER,1,East Box Elder County not WFRC,1,Northeast Box Elder County,24,Fielding Area,Balance of Box Elder
3067,67,37.6,89.6,2.38,63.3,0.0,0.0,63.3,65.3,0.0,0.0,0.0,0.0,0.0,0.0,0.0,63.3,0.0,0.0,0.0,2.0,0,0,0,0,77876,0,0,0,0,3,BOX ELDER,1,East Box Elder County not WFRC,1,Northeast Box Elder County,24,Fielding Area,Balance of Box Elder
3068,68,35.3,88.7,2.52,8.1,8.1,0.0,0.0,10.0,0.0,8.1,0.0,0.0,0.0,0.0,0.0,0.0,0.0,0.0,0.0,1.9,0,0,0,0,77876,0,0,0,0,3,BOX ELDER,1,East Box Elder County not WFRC,1,Northeast Box Elder County,24,Fielding Area,Balance of Box Elder
3069,69,17.2,69.1,4.03,3.7,0.3,2.4,1.0,4.6,0.2,0.1,0.4,2.0,0.1,0.2,0.2,0.5,0.0,0.0,0.0,0.9,0,0,0,0,66905,0,0,0,0,3,BOX ELDER,1,East Box Elder County not WFRC,1,Northeast Box Elder County,24,Fielding Area,Balance of Box Elder
3070,70,0.0,0.0,0.00,0.0,0.0,0.0,0.0,0.0,0.0,0.0,0.0,0.0,0.0,0.0,0.0,0.0,0.0,0.0,0.0,0.0,0,0,0,0,64145,0,0,0,0,3,BOX ELDER,1,East Box Elder County not WFRC,1,Northeast Box Elder County,24,Fielding Area,Balance of Box Elder
3071,71,3.1,4.6,1.46,0.0,0.0,0.0,0.0,0.2,0.0,0.0,0.0,0.0,0.0,0.0,0.0,0.0,0.0,0.0,0.0,0.2,0,0,0,0,77876,0,0,0,0,3,BOX ELDER,1,East Box Elder County not WFRC,1,Northeast Box Elder County,24,Fielding Area,Balance of Box Elder
3072,72,4.4,17.3,3.96,0.0,0.0,0.0,0.0,0.2,0.0,0.0,0.0,0.0,0.0,0.0,0.0,0.0,0.0,0.0,0.0,0.2,0,0,0,0,77876,0,0,0,0,3,BOX ELDER,1,East Box Elder County not WFRC,1,Northeast Box Elder County,24,Fielding Area,Balance of Box Elder
3073,73,19.1,31.2,1.63,9.3,0.0,0.7,8.5,10.3,0.0,0.0,0.0,0.6,8.5,0.0,0.0,0.0,0.0,0.0,0.0,1.0,0,0,0,0,77876,0,0,0,0,3,BOX ELDER,1,East Box Elder County not WFRC,1,Northeast Box Elder County,24,Fielding Area,Balance of Box Elder
3074,74,51.9,132.0,2.54,5.2,0.2,2.0,3.1,8.0,0.1,0.1,0.2,1.7,2.6,0.1,0.1,0.3,0.0,0.0,0.0,2.8,0,0,0,0,77876,0,0,0,0,3,BOX ELDER,1,East Box Elder County not WFRC,1,Northeast Box Elder County,24,Fielding Area,Balance of Box Elder
3075,75,22.9,80.4,3.51,0.0,0.0,0.0,0.0,1.2,0.0,0.0,0.0,0.0,0.0,0.0,0.0,0.0,0.0,0.0,0.0,1.2,0,0,0,0,77876,0,0,0,0,3,BOX ELDER,1,East Box Elder County not WFRC,1,Northeast Box Elder County,24,Fielding Area,Balance of Box Elder
3076,76,39.6,109.3,2.76,4.8,0.0,4.8,0.0,6.9,0.0,0.0,3.9,0.9,0.0,0.0,0.0,0.0,0.0,0.0,0.0,2.1,0,0,0,0,77876,0,0,0,0,3,BOX ELDER,1,East Box Elder County not WFRC,1,Northeast Box Elder County,24,Fielding Area,Balance of Box Elder
3077,77,12.3,29.3,2.38,0.0,0.0,0.0,0.0,0.7,0.0,0.0,0.0,0.0,0.0,0.0,0.0,0.0,0.0,0.0,0.0,0.7,0,0,0,0,77876,0,0,0,0,3,BOX ELDER,1,East Box Elder County not WFRC,1,Northeast Box Elder County,24,Fielding Area,Balance of Box Elder
3078,78,52.3,153.5,2.93,54.8,1.8,42.9,10.1,58.5,1.1,0.7,42.1,0.8,3.0,1.3,1.2,4.6,0.0,0.0,0.9,2.8,0,0,0,0,67271,0,0,0,0,3,BOX ELDER,1,East Box Elder County not WFRC,1,Northeast Box Elder County,24,Fielding Area,Balance of Box Elder
3079,79,117.2,282.4,2.41,68.7,1.0,6.8,60.9,75.8,0.6,0.4,1.3,5.5,12.2,46.6,0.6,1.4,0.0,0.0,0.9,6.2,0,0,0,0,61866,0,0,0,0,3,BOX ELDER,1,East Box Elder County not WFRC,2,Southeast Box Elder County,35,Garland,Garland
3080,80,192.0,411.2,2.14,46.7,1.3,2.3,43.0,62.5,0.8,0.5,1.7,0.6,0.4,39.8,0.9,2.0,0.0,0.0,5.6,10.2,0,0,0,0,61866,0,0,0,0,3,BOX ELDER,1,East Box Elder County not WFRC,2,Southeast Box Elder County,35,Garland,Garland
3081,81,35.8,152.2,4.26,0.0,0.0,0.0,0.0,5.6,0.0,0.0,0.0,0.0,0.0,0.0,0.0,0.0,0.0,0.0,3.7,1.9,0,0,0,0,55626,0,0,0,0,3,BOX ELDER,1,East Box Elder County not WFRC,2,Southeast Box Elder County,35,Garland,Garland
3082,82,74.1,150.2,2.03,18.3,2.4,8.3,7.7,28.8,1.4,1.0,3.1,5.2,0.7,1.8,1.6,3.6,0.0,0.0,6.5,3.9,0,0,0,0,55626,0,0,0,0,3,BOX ELDER,1,East Box Elder County not WFRC,2,Southeast Box Elder County,35,Garland,Garland
3083,83,140.2,309.4,2.21,36.1,19.7,13.1,3.2,43.5,19.6,0.1,4.4,8.8,0.1,0.2,0.2,2.7,0.0,0.0,0.0,7.4,0,0,0,0,55626,706,0,0,0,3,BOX ELDER,1,East Box Elder County not WFRC,2,Southeast Box Elder County,35,Garland,Garland
3084,84,216.5,436.6,2.02,3.1,0.4,1.5,1.3,25.8,0.2,0.2,1.3,0.2,0.1,0.3,0.3,0.6,0.0,0.0,11.2,11.5,0,0,0,0,55626,0,0,0,0,3,BOX ELDER,1,East Box Elder County not WFRC,2,Southeast Box Elder County,35,Garland,Garland
3085,85,19.5,47.2,2.42,0.0,0.0,0.0,0.0,1.0,0.0,0.0,0.0,0.0,0.0,0.0,0.0,0.0,0.0,0.0,0.0,1.0,0,0,0,0,55626,0,0,0,0,3,BOX ELDER,1,East Box Elder County not WFRC,2,Southeast Box Elder County,35,Garland,Garland
3086,86,34.0,116.8,3.43,3.1,0.4,1.5,1.3,6.8,0.2,0.2,1.3,0.2,0.1,0.3,0.3,0.6,0.0,0.0,1.9,1.8,0,0,0,0,55626,0,0,0,0,3,BOX ELDER,1,East Box Elder County not WFRC,2,Southeast Box Elder County,35,Garland,Garland
3087,87,170.3,506.7,2.97,127.1,13.6,14.0,99.5,137.0,4.7,8.9,10.2,3.8,2.3,5.8,38.9,52.4,0.0,0.0,0.9,9.0,0,0,0,0,55626,0,0,0,0,3,BOX ELDER,1,East Box Elder County not WFRC,2,Southeast Box Elder County,35,Garland,Garland
3088,88,255.3,710.2,2.78,24.2,7.5,5.6,11.1,45.2,1.1,6.4,2.4,3.2,0.5,1.4,1.2,8.0,0.0,0.0,7.5,13.5,0,0,0,0,55626,0,0,0,0,3,BOX ELDER,1,East Box Elder County not WFRC,2,Southeast Box Elder County,35,Garland,Garland
3089,89,66.7,201.7,3.02,10.4,0.1,9.9,0.4,18.6,0.1,0.1,0.2,9.7,0.0,0.1,0.1,0.2,0.0,0.0,4.7,3.5,0,0,0,0,55626,0,0,0,0,3,BOX ELDER,1,East Box Elder County not WFRC,2,Southeast Box Elder County,35,Garland,Garland
3090,90,5.2,15.0,2.86,0.0,0.0,0.0,0.0,0.3,0.0,0.0,0.0,0.0,0.0,0.0,0.0,0.0,0.0,0.0,0.0,0.3,0,0,0,0,64145,0,0,0,0,3,BOX ELDER,1,East Box Elder County not WFRC,2,Southeast Box Elder County,34,Garland Area,Balance of Box Elder
3091,91,21.4,52.6,2.46,8.1,0.0,0.0,8.1,9.2,0.0,0.0,0.0,0.0,0.0,0.0,1.2,6.9,0.0,0.0,0.0,1.1,0,0,0,0,61866,0,0,0,0,3,BOX ELDER,1,East Box Elder County not WFRC,2,Southeast Box Elder County,34,Garland Area,Balance of Box Elder
3092,92,11.1,42.7,3.84,0.0,0.0,0.0,0.0,0.6,0.0,0.0,0.0,0.0,0.0,0.0,0.0,0.0,0.0,0.0,0.0,0.6,0,0,0,0,77876,0,0,0,0,3,BOX ELDER,1,East Box Elder County not WFRC,2,Southeast Box Elder County,34,Garland Area,Balance of Box Elder
3093,93,12.3,34.4,2.80,0.0,0.0,0.0,0.0,0.7,0.0,0.0,0.0,0.0,0.0,0.0,0.0,0.0,0.0,0.0,0.0,0.7,0,0,0,0,77876,0,0,0,0,3,BOX ELDER,1,East Box Elder County not WFRC,2,Southeast Box Elder County,34,Garland Area,Balance of Box Elder
3094,94,7.8,19.1,2.46,0.0,0.0,0.0,0.0,0.4,0.0,0.0,0.0,0.0,0.0,0.0,0.0,0.0,0.0,0.0,0.0,0.4,0,0,0,0,77876,0,0,0,0,3,BOX ELDER,1,East Box Elder County not WFRC,2,Southeast Box Elder County,34,Garland Area,Balance of Box Elder
3095,95,4.8,14.3,2.96,0.0,0.0,0.0,0.0,0.3,0.0,0.0,0.0,0.0,0.0,0.0,0.0,0.0,0.0,0.0,0.0,0.3,0,0,0,0,77876,0,0,0,0,3,BOX ELDER,1,East Box Elder County not WFRC,2,Southeast Box Elder County,34,Garland Area,Balance of Box Elder
3096,96,10.0,24.7,2.46,0.0,0.0,0.0,0.0,2.4,0.0,0.0,0.0,0.0,0.0,0.0,0.0,0.0,0.0,0.0,1.9,0.5,0,0,0,0,77876,0,0,0,0,3,BOX ELDER,1,East Box Elder County not WFRC,2,Southeast Box Elder County,34,Garland Area,Balance of Box Elder
3097,97,11.1,29.3,2.65,68.5,3.2,65.2,0.0,69.1,3.2,0.0,0.0,65.2,0.0,0.0,0.0,0.0,0.0,0.0,0.0,0.6,0,0,0,0,64145,0,0,0,0,3,BOX ELDER,1,East Box Elder County not WFRC,2,Southeast Box Elder County,34,Garland Area,Balance of Box Elder
3098,98,37.6,79.1,2.10,23.9,4.3,11.0,8.7,25.9,3.2,1.1,3.5,7.5,0.8,2.0,1.8,4.0,0.0,0.0,0.0,2.0,0,0,0,0,61866,0,0,0,0,3,BOX ELDER,1,East Box Elder County not WFRC,2,Southeast Box Elder County,34,Garland Area,Balance of Box Elder
3099,99,15.2,40.7,2.68,0.0,0.0,0.0,0.0,0.8,0.0,0.0,0.0,0.0,0.0,0.0,0.0,0.0,0.0,0.0,0.0,0.8,0,0,0,0,64145,0,0,0,0,3,BOX ELDER,1,East Box Elder County not WFRC,2,Southeast Box Elder County,34,Garland Area,Balance of Box Elder
3100,100,12.3,50.6,4.10,0.0,0.0,0.0,0.0,0.7,0.0,0.0,0.0,0.0,0.0,0.0,0.0,0.0,0.0,0.0,0.0,0.7,0,0,0,0,77876,0,0,0,0,3,BOX ELDER,1,East Box Elder County not WFRC,2,Southeast Box Elder County,34,Garland Area,Balance of Box Elder
3101,101,6.1,16.0,2.63,0.0,0.0,0.0,0.0,0.3,0.0,0.0,0.0,0.0,0.0,0.0,0.0,0.0,0.0,0.0,0.0,0.3,0,0,0,0,77876,0,0,0,0,3,BOX ELDER,1,East Box Elder County not WFRC,2,Southeast Box Elder County,34,Garland Area,Balance of Box Elder
3102,102,3.7,11.5,3.13,0.0,0.0,0.0,0.0,0.2,0.0,0.0,0.0,0.0,0.0,0.0,0.0,0.0,0.0,0.0,0.0,0.2,0,0,0,0,77876,0,0,0,0,3,BOX ELDER,1,East Box Elder County not WFRC,2,Southeast Box Elder County,34,Garland Area,Balance of Box Elder
3103,103,20.6,42.6,2.06,2.6,0.1,0.1,2.4,3.7,0.0,0.0,0.1,0.0,0.0,0.1,2.2,0.1,0.0,0.0,0.0,1.1,0,0,0,0,77876,0,0,0,0,3,BOX ELDER,1,East Box Elder County not WFRC,2,Southeast Box Elder County,34,Garland Area,Balance of Box Elder
3104,104,56.3,131.6,2.34,29.9,2.7,16.1,11.1,33.9,1.6,1.1,14.9,1.2,0.8,2.0,1.8,6.6,0.0,0.0,0.9,3.0,0,0,0,0,77876,0,0,0,0,3,BOX ELDER,1,East Box Elder County not WFRC,2,Southeast Box Elder County,34,Garland Area,Balance of Box Elder
3105,105,62.5,131.9,2.11,17.0,3.6,3.8,9.6,23.1,2.7,0.9,2.8,1.0,0.6,1.6,1.5,5.9,0.0,0.0,2.8,3.3,0,0,0,0,66905,0,0,0,0,3,BOX ELDER,1,East Box Elder County not WFRC,2,Southeast Box Elder County,34,Garland Area,Balance of Box Elder
3106,106,0.0,0.0,0.00,0.0,0.0,0.0,0.0,0.0,0.0,0.0,0.0,0.0,0.0,0.0,0.0,0.0,0.0,0.0,0.0,0.0,0,0,0,0,77876,0,0,0,0,3,BOX ELDER,1,East Box Elder County not WFRC,2,Southeast Box Elder County,34,Garland Area,Balance of Box Elder
3107,107,364.2,1163.3,3.19,55.7,8.4,20.0,27.3,211.1,5.0,3.4,10.9,9.1,2.5,6.2,5.8,12.7,0.0,0.0,136.1,19.3,0,0,0,0,64145,0,0,0,0,3,BOX ELDER,1,East Box Elder County not WFRC,2,Southeast Box Elder County,36,Tremonton,Tremonton
3108,108,0.0,0.0,0.00,306.4,20.1,222.7,63.6,307.3,12.1,7.9,213.8,9.0,5.7,14.8,13.3,29.7,0.0,0.0,0.9,0.0,0,0,0,0,55626,0,0,0,0,3,BOX ELDER,1,East Box Elder County not WFRC,2,Southeast Box Elder County,36,Tremonton,Tremonton
3109,109,193.3,615.9,3.19,174.1,5.2,13.4,155.5,214.2,3.1,2.0,6.7,6.7,35.2,3.8,108.9,7.7,0.0,0.0,29.8,10.3,0,0,0,0,52906,0,0,0,0,3,BOX ELDER,1,East Box Elder County not WFRC,2,Southeast Box Elder County,36,Tremonton,Tremonton
3110,110,0.0,0.0,0.00,486.5,0.0,458.7,27.8,486.5,0.0,0.0,458.7,0.0,0.0,0.0,0.0,27.8,0.0,0.0,0.0,0.0,0,0,0,0,55626,0,0,0,0,3,BOX ELDER,1,East Box Elder County not WFRC,2,Southeast Box Elder County,36,Tremonton,Tremonton
3111,111,190.0,426.9,2.25,135.6,0.2,0.4,134.9,145.7,0.1,0.1,0.3,0.1,0.1,132.8,1.8,0.3,0.0,0.0,0.0,10.1,0,0,0,0,55756,504,0,1036,0,3,BOX ELDER,1,East Box Elder County not WFRC,2,Southeast Box Elder County,36,Tremonton,Tremonton
3112,112,300.5,913.9,3.04,142.0,4.8,8.3,128.9,166.3,2.9,1.9,6.2,2.1,1.4,111.5,3.2,12.9,8.4,0.0,0.0,15.9,0,0,0,0,55756,0,781,0,0,3,BOX ELDER,1,East Box Elder County not WFRC,2,Southeast Box Elder County,36,Tremonton,Tremonton
3113,113,129.6,325.3,2.51,0.0,0.0,0.0,0.0,67.5,0.0,0.0,0.0,0.0,0.0,0.0,0.0,0.0,0.0,0.0,60.6,6.9,0,0,0,0,63717,0,0,0,0,3,BOX ELDER,1,East Box Elder County not WFRC,2,Southeast Box Elder County,36,Tremonton,Tremonton
3114,114,495.4,1124.6,2.27,280.1,125.0,54.1,101.0,345.6,31.1,93.8,40.3,13.9,9.0,23.0,22.7,46.3,0.0,0.0,39.1,26.3,0,0,0,0,52906,0,0,0,0,3,BOX ELDER,1,East Box Elder County not WFRC,2,Southeast Box Elder County,36,Tremonton,Tremonton
3115,115,35.6,166.5,4.67,1059.8,26.6,738.7,294.4,1109.3,0.0,26.6,665.5,73.2,0.0,0.0,0.0,294.4,42.0,0.0,5.6,1.9,0,0,0,0,52906,0,0,0,0,3,BOX ELDER,1,East Box Elder County not WFRC,2,Southeast Box Elder County,36,Tremonton,Tremonton
3116,116,120.9,253.4,2.09,393.8,26.6,19.1,348.2,409.6,26.1,0.4,1.4,17.7,32.2,0.8,217.4,97.7,0.0,0.0,9.3,6.4,0,0,0,0,52906,0,0,0,0,3,BOX ELDER,1,East Box Elder County not WFRC,2,Southeast Box Elder County,36,Tremonton,Tremonton
3117,117,400.4,880.2,2.20,169.3,32.2,5.2,131.8,190.5,31.1,1.1,0.0,5.2,0.0,0.0,60.9,70.9,0.0,0.0,0.0,21.2,0,0,0,0,52906,0,0,0,0,3,BOX ELDER,1,East Box Elder County not WFRC,2,Southeast Box Elder County,36,Tremonton,Tremonton
3118,118,276.0,679.8,2.46,251.8,112.1,6.7,133.0,266.4,74.3,37.8,0.7,6.0,54.5,0.4,3.5,74.6,0.0,0.0,0.0,14.6,0,0,0,0,35003,0,0,0,0,3,BOX ELDER,1,East Box Elder County not WFRC,2,Southeast Box Elder County,36,Tremonton,Tremonton
3119,119,193.5,487.2,2.52,59.8,3.2,5.6,50.9,99.0,1.9,1.3,4.2,1.4,14.0,2.4,13.5,21.1,0.0,0.0,28.9,10.3,0,0,0,0,53599,0,0,0,0,3,BOX ELDER,1,East Box Elder County not WFRC,2,Southeast Box Elder County,36,Tremonton,Tremonton
3120,120,360.5,1616.3,4.48,184.9,28.7,62.9,93.2,340.0,17.1,11.6,37.6,25.3,8.5,21.5,19.6,43.5,0.0,0.0,136.1,19.1,0,0,0,0,53599,0,0,0,0,3,BOX ELDER,1,East Box Elder County not WFRC,2,Southeast Box Elder County,36,Tremonton,Tremonton
3121,121,209.3,455.2,2.18,309.1,74.7,80.2,154.2,405.5,26.8,47.9,58.9,21.4,20.7,33.6,31.8,68.0,12.6,0.0,72.7,11.1,0,0,0,0,53599,0,0,0,0,3,BOX ELDER,1,East Box Elder County not WFRC,2,Southeast Box Elder County,36,Tremonton,Tremonton
3122,122,0.0,0.0,0.00,215.5,137.7,37.0,40.8,216.4,20.6,117.1,9.2,27.9,2.0,5.2,4.7,28.8,0.0,0.0,0.9,0.0,0,0,0,0,46835,0,0,0,0,3,BOX ELDER,1,East Box Elder County not WFRC,2,Southeast Box Elder County,36,Tremonton,Tremonton
3123,123,44.2,139.7,3.16,356.3,101.1,86.4,168.8,367.0,86.7,14.4,47.6,38.7,10.4,27.2,24.0,107.2,0.0,0.0,8.4,2.3,0,0,0,0,46835,0,0,0,0,3,BOX ELDER,1,East Box Elder County not WFRC,2,Southeast Box Elder County,36,Tremonton,Tremonton
3124,124,522.0,1444.8,2.77,316.6,107.8,96.7,112.2,345.3,89.5,18.3,32.0,64.7,7.1,18.3,16.3,70.5,0.0,0.0,0.9,27.7,0,0,0,0,57365,0,0,0,0,3,BOX ELDER,1,East Box Elder County not WFRC,2,Southeast Box Elder County,36,Tremonton,Tremonton
3125,125,218.3,399.7,1.83,1085.6,551.5,48.7,485.4,1097.2,469.4,82.1,5.3,43.4,0.0,328.7,58.5,98.3,0.0,0.0,0.0,11.6,0,0,0,0,49164,0,0,0,0,3,BOX ELDER,1,East Box Elder County not WFRC,2,Southeast Box Elder County,36,Tremonton,Tremonton
3126,126,177.9,521.3,2.93,50.7,9.6,1.7,39.4,126.3,9.6,0.0,0.0,1.7,0.0,0.0,28.9,10.5,0.0,0.0,66.2,9.4,0,0,0,0,53599,0,0,0,0,3,BOX ELDER,1,East Box Elder County not WFRC,2,Southeast Box Elder County,36,Tremonton,Tremonton
3127,127,177.5,605.7,3.41,34.5,5.6,10.5,18.4,118.5,3.3,2.3,7.3,3.1,1.7,4.2,4.0,8.6,0.0,0.0,74.5,9.4,0,0,0,0,53599,0,0,0,0,3,BOX ELDER,1,East Box Elder County not WFRC,2,Southeast Box Elder County,36,Tremonton,Tremonton
3128,128,231.0,414.7,1.80,56.5,14.7,12.0,29.8,177.8,4.2,10.5,8.9,3.1,2.0,5.1,4.6,18.1,0.0,0.0,109.0,12.3,0,0,0,0,53599,0,0,0,0,3,BOX ELDER,1,East Box Elder County not WFRC,2,Southeast Box Elder County,36,Tremonton,Tremonton
3129,129,131.5,375.2,2.85,3.8,0.4,0.7,2.7,86.8,0.3,0.2,0.6,0.2,0.1,0.3,1.6,0.7,21.0,0.0,55.0,7.0,0,0,0,0,63717,0,0,0,0,3,BOX ELDER,1,East Box Elder County not WFRC,2,Southeast Box Elder County,36,Tremonton,Tremonton
3130,130,407.2,1025.9,2.52,128.9,0.0,10.6,118.3,150.5,0.0,0.0,0.0,10.6,0.0,110.0,0.0,8.3,0.0,0.0,0.0,21.6,0,0,0,0,46835,0,0,0,0,3,BOX ELDER,1,East Box Elder County not WFRC,2,Southeast Box Elder County,36,Tremonton,Tremonton
3131,131,118.3,295.3,2.50,0.0,0.0,0.0,0.0,26.8,0.0,0.0,0.0,0.0,0.0,0.0,0.0,0.0,0.0,0.0,20.5,6.3,0,0,0,0,57365,0,0,0,0,3,BOX ELDER,1,East Box Elder County not WFRC,2,Southeast Box Elder County,36,Tremonton,Tremonton
3132,132,130.6,317.6,2.43,0.0,0.0,0.0,0.0,60.9,0.0,0.0,0.0,0.0,0.0,0.0,0.0,0.0,0.0,0.0,54.0,6.9,0,0,0,0,63717,0,0,0,0,3,BOX ELDER,1,East Box Elder County not WFRC,2,Southeast Box Elder County,36,Tremonton,Tremonton
3133,133,129.1,287.1,2.22,596.0,92.9,163.7,339.4,667.1,55.8,37.1,121.4,42.3,26.9,69.3,61.6,181.6,0.0,0.0,64.3,6.8,0,0,0,0,76558,0,0,0,0,3,BOX ELDER,1,East Box Elder County not WFRC,2,Southeast Box Elder County,36,Tremonton,Tremonton
3134,134,136.8,319.5,2.34,77.5,12.3,24.9,40.3,131.4,7.3,5.0,19.4,5.5,3.7,9.3,8.5,18.8,0.0,0.0,46.6,7.3,0,0,0,0,46835,0,0,0,0,3,BOX ELDER,1,East Box Elder County not WFRC,2,Southeast Box Elder County,36,Tremonton,Tremonton
3135,135,26.3,76.7,2.92,10.4,1.3,4.8,4.2,168.2,0.8,0.5,1.7,3.1,0.4,1.0,0.9,2.0,155.5,0.0,0.9,1.4,0,0,0,0,64953,0,0,0,0,3,BOX ELDER,1,East Box Elder County not WFRC,2,Southeast Box Elder County,31,Tremonton Area,Tremonton Area
3136,136,60.7,144.9,2.39,9.9,0.0,9.9,0.0,28.9,0.0,0.0,0.0,9.9,0.0,0.0,0.0,0.0,0.0,0.0,15.8,3.2,0,0,0,0,63717,0,0,0,0,3,BOX ELDER,1,East Box Elder County not WFRC,2,Southeast Box Elder County,31,Tremonton Area,Tremonton Area
3137,137,69.9,178.5,2.55,6.6,2.3,2.1,2.2,25.2,2.0,0.3,0.9,1.1,0.2,0.5,0.5,1.0,0.0,0.0,14.9,3.7,0,0,0,0,63717,0,0,0,0,3,BOX ELDER,1,East Box Elder County not WFRC,2,Southeast Box Elder County,31,Tremonton Area,Tremonton Area
3138,138,18.3,31.8,1.74,0.0,0.0,0.0,0.0,9.4,0.0,0.0,0.0,0.0,0.0,0.0,0.0,0.0,0.0,0.0,8.4,1.0,0,0,0,0,63717,0,0,0,0,3,BOX ELDER,1,East Box Elder County not WFRC,2,Southeast Box Elder County,31,Tremonton Area,Tremonton Area
3139,139,16.7,45.2,2.71,0.0,0.0,0.0,0.0,8.4,0.0,0.0,0.0,0.0,0.0,0.0,0.0,0.0,0.0,0.0,7.5,0.9,0,0,0,0,63717,0,0,0,0,3,BOX ELDER,1,East Box Elder County not WFRC,2,Southeast Box Elder County,31,Tremonton Area,Tremonton Area
3140,140,12.8,20.3,1.58,0.0,0.0,0.0,0.0,5.4,0.0,0.0,0.0,0.0,0.0,0.0,0.0,0.0,0.0,0.0,4.7,0.7,0,0,0,0,63717,0,0,0,0,3,BOX ELDER,1,East Box Elder County not WFRC,2,Southeast Box Elder County,31,Tremonton Area,Tremonton Area
3141,141,34.1,101.7,2.98,30.0,0.0,0.5,29.4,38.3,0.0,0.0,0.0,0.5,0.0,7.2,0.0,22.2,0.0,0.0,6.5,1.8,0,0,0,0,63717,0,0,0,0,3,BOX ELDER,1,East Box Elder County not WFRC,2,Southeast Box Elder County,31,Tremonton Area,Tremonton Area
3142,142,8.2,19.3,2.36,0.0,0.0,0.0,0.0,3.2,0.0,0.0,0.0,0.0,0.0,0.0,0.0,0.0,0.0,0.0,2.8,0.4,0,0,0,0,63717,0,0,0,0,3,BOX ELDER,1,East Box Elder County not WFRC,2,Southeast Box Elder County,31,Tremonton Area,Tremonton Area
3143,143,12.3,32.0,2.60,0.0,0.0,0.0,0.0,2.6,0.0,0.0,0.0,0.0,0.0,0.0,0.0,0.0,0.0,0.0,1.9,0.7,0,0,0,0,63717,0,0,0,0,3,BOX ELDER,1,East Box Elder County not WFRC,2,Southeast Box Elder County,31,Tremonton Area,Tremonton Area
3144,144,201.8,570.2,2.83,107.2,0.0,102.0,5.2,155.2,0.0,0.0,86.3,15.7,5.2,0.0,0.0,0.0,0.0,0.0,37.3,10.7,0,0,0,0,64953,0,0,0,0,3,BOX ELDER,1,East Box Elder County not WFRC,2,Southeast Box Elder County,31,Tremonton Area,Tremonton Area
3145,145,96.4,239.5,2.48,0.0,0.0,0.0,0.0,9.8,0.0,0.0,0.0,0.0,0.0,0.0,0.0,0.0,0.0,0.0,4.7,5.1,0,0,0,0,63717,0,0,0,0,3,BOX ELDER,1,East Box Elder County not WFRC,2,Southeast Box Elder County,31,Tremonton Area,Tremonton Area
3146,146,4.8,14.1,2.91,5.5,0.0,5.5,0.0,5.8,0.0,0.0,5.5,0.0,0.0,0.0,0.0,0.0,0.0,0.0,0.0,0.3,0,0,0,0,63717,0,0,0,0,3,BOX ELDER,1,East Box Elder County not WFRC,2,Southeast Box Elder County,31,Tremonton Area,Tremonton Area
3147,147,5.8,14.6,2.50,13.2,1.4,2.4,9.4,13.5,0.8,0.5,1.8,0.6,0.4,1.0,0.9,7.0,0.0,0.0,0.0,0.3,0,0,0,0,63717,0,0,0,0,3,BOX ELDER,1,East Box Elder County not WFRC,2,Southeast Box Elder County,31,Tremonton Area,Tremonton Area
3148,148,18.6,38.6,2.08,3.4,0.2,0.3,2.9,4.4,0.1,0.1,0.2,0.1,0.0,0.1,0.1,2.7,0.0,0.0,0.0,1.0,0,0,0,0,63717,0,0,0,0,3,BOX ELDER,1,East Box Elder County not WFRC,2,Southeast Box Elder County,31,Tremonton Area,Tremonton Area
3149,149,10.6,43.2,4.07,0.0,0.0,0.0,0.0,1.5,0.0,0.0,0.0,0.0,0.0,0.0,0.0,0.0,0.0,0.0,0.9,0.6,0,0,0,0,76558,0,0,0,0,3,BOX ELDER,1,East Box Elder County not WFRC,2,Southeast Box Elder County,31,Tremonton Area,Tremonton Area
3150,150,12.4,34.0,2.74,3.3,0.0,3.3,0.0,4.9,0.0,0.0,0.0,3.3,0.0,0.0,0.0,0.0,0.0,0.0,0.9,0.7,0,0,0,0,76558,0,0,0,0,3,BOX ELDER,1,East Box Elder County not WFRC,2,Southeast Box Elder County,31,Tremonton Area,Tremonton Area
3151,151,5.6,14.2,2.54,0.0,0.0,0.0,0.0,1.2,0.0,0.0,0.0,0.0,0.0,0.0,0.0,0.0,0.0,0.0,0.9,0.3,0,0,0,0,63717,0,0,0,0,3,BOX ELDER,1,East Box Elder County not WFRC,2,Southeast Box Elder County,31,Tremonton Area,Tremonton Area
3152,152,6.6,19.4,2.94,0.0,0.0,0.0,0.0,1.2,0.0,0.0,0.0,0.0,0.0,0.0,0.0,0.0,0.0,0.0,0.9,0.3,0,0,0,0,63717,0,0,0,0,3,BOX ELDER,1,East Box Elder County not WFRC,2,Southeast Box Elder County,31,Tremonton Area,Tremonton Area
3153,153,28.3,74.7,2.64,0.0,0.0,0.0,0.0,1.5,0.0,0.0,0.0,0.0,0.0,0.0,0.0,0.0,0.0,0.0,0.0,1.5,0,0,0,0,63717,0,0,0,0,3,BOX ELDER,1,East Box Elder County not WFRC,2,Southeast Box Elder County,31,Tremonton Area,Tremonton Area
3154,154,0.0,0.0,0.00,0.0,0.0,0.0,0.0,0.0,0.0,0.0,0.0,0.0,0.0,0.0,0.0,0.0,0.0,0.0,0.0,0.0,0,0,0,0,63717,0,0,0,0,3,BOX ELDER,1,East Box Elder County not WFRC,2,Southeast Box Elder County,31,Tremonton Area,Tremonton Area
3155,155,4.8,16.0,3.32,0.0,0.0,0.0,0.0,0.3,0.0,0.0,0.0,0.0,0.0,0.0,0.0,0.0,0.0,0.0,0.0,0.3,0,0,0,0,63717,0,0,0,0,3,BOX ELDER,1,East Box Elder County not WFRC,2,Southeast Box Elder County,31,Tremonton Area,Tremonton Area
3156,156,2.0,2.9,1.49,0.0,0.0,0.0,0.0,0.1,0.0,0.0,0.0,0.0,0.0,0.0,0.0,0.0,0.0,0.0,0.0,0.1,0,0,0,0,63717,0,0,0,0,3,BOX ELDER,1,East Box Elder County not WFRC,2,Southeast Box Elder County,31,Tremonton Area,Tremonton Area
3157,157,2.7,6.9,2.50,18.6,1.9,10.5,6.2,91.1,1.2,0.8,2.5,8.0,0.6,1.4,1.3,2.9,71.4,0.0,0.9,0.1,0,0,0,0,63717,0,0,0,0,3,BOX ELDER,1,East Box Elder County not WFRC,2,Southeast Box Elder County,31,Tremonton Area,Tremonton Area
3158,158,45.0,112.8,2.50,4.7,0.1,0.2,4.4,15.5,0.1,0.0,0.2,0.1,0.0,1.6,0.1,2.7,8.4,0.0,0.0,2.4,0,0,0,0,63780,0,0,0,0,3,BOX ELDER,1,East Box Elder County not WFRC,2,Southeast Box Elder County,31,Tremonton Area,Tremonton Area
3159,159,3.8,16.4,4.28,7.7,0.0,7.7,0.0,7.9,0.0,0.0,0.0,7.7,0.0,0.0,0.0,0.0,0.0,0.0,0.0,0.2,0,0,0,0,63717,0,0,0,0,3,BOX ELDER,1,East Box Elder County not WFRC,2,Southeast Box Elder County,31,Tremonton Area,Tremonton Area
3160,160,7.8,12.6,1.62,3.4,0.4,1.6,1.4,3.8,0.3,0.2,0.6,1.0,0.1,0.3,0.3,0.6,0.0,0.0,0.0,0.4,0,0,0,0,63717,0,0,0,0,3,BOX ELDER,1,East Box Elder County not WFRC,2,Southeast Box Elder County,31,Tremonton Area,Tremonton Area
3161,161,1.0,2.5,2.50,76.8,8.7,15.2,52.9,77.8,5.2,3.5,11.3,3.9,2.5,6.5,5.8,38.1,0.0,0.0,0.9,0.1,0,0,0,0,63717,0,0,0,0,3,BOX ELDER,1,East Box Elder County not WFRC,2,Southeast Box Elder County,31,Tremonton Area,Tremonton Area
3162,162,0.0,0.0,0.00,0.0,0.0,0.0,0.0,0.0,0.0,0.0,0.0,0.0,0.0,0.0,0.0,0.0,0.0,0.0,0.0,0.0,0,0,0,0,63717,0,0,0,0,3,BOX ELDER,1,East Box Elder County not WFRC,2,Southeast Box Elder County,31,Tremonton Area,Tremonton Area
3163,163,12.2,59.6,4.87,0.0,0.0,0.0,0.0,5.3,0.0,0.0,0.0,0.0,0.0,0.0,0.0,0.0,0.0,0.0,4.7,0.6,0,0,0,0,53599,0,0,0,0,3,BOX ELDER,1,East Box Elder County not WFRC,2,Southeast Box Elder County,41,Elwood,Elwood
3164,164,17.5,30.5,1.74,0.0,0.0,0.0,0.0,4.6,0.0,0.0,0.0,0.0,0.0,0.0,0.0,0.0,0.0,0.0,3.7,0.9,0,0,0,0,53599,0,0,0,0,3,BOX ELDER,1,East Box Elder County not WFRC,2,Southeast Box Elder County,41,Elwood,Elwood
3165,165,26.1,68.8,2.63,0.0,0.0,0.0,0.0,8.9,0.0,0.0,0.0,0.0,0.0,0.0,0.0,0.0,0.0,0.0,7.5,1.4,0,0,0,0,53599,0,0,0,0,3,BOX ELDER,1,East Box Elder County not WFRC,2,Southeast Box Elder County,41,Elwood,Elwood
3166,166,38.8,89.3,2.30,1.8,0.1,1.2,0.5,16.9,0.1,0.1,0.2,1.0,0.0,0.1,0.1,0.2,0.0,0.0,13.0,2.1,0,0,0,0,53599,0,0,0,0,3,BOX ELDER,1,East Box Elder County not WFRC,2,Southeast Box Elder County,41,Elwood,Elwood
3167,167,65.9,198.6,3.01,74.0,57.7,5.8,10.5,108.8,2.0,55.8,4.3,1.5,1.0,2.4,2.2,4.9,21.0,0.0,10.3,3.5,0,0,0,0,53599,0,0,0,0,3,BOX ELDER,1,East Box Elder County not WFRC,2,Southeast Box Elder County,41,Elwood,Elwood
3168,168,47.4,134.7,2.84,0.0,0.0,0.0,0.0,16.5,0.0,0.0,0.0,0.0,0.0,0.0,0.0,0.0,0.0,0.0,14.0,2.5,0,0,0,0,53599,0,0,0,0,3,BOX ELDER,1,East Box Elder County not WFRC,2,Southeast Box Elder County,41,Elwood,Elwood
3169,169,68.5,206.1,3.01,6.1,0.0,0.0,6.1,27.4,0.0,0.0,0.0,0.0,6.0,0.0,0.0,0.0,0.0,0.0,17.7,3.6,0,0,0,0,53599,0,0,0,0,3,BOX ELDER,1,East Box Elder County not WFRC,2,Southeast Box Elder County,41,Elwood,Elwood
3170,170,156.1,415.7,2.66,88.1,53.8,14.2,20.0,113.1,26.9,27.0,12.4,1.8,3.4,3.0,6.4,7.3,0.0,0.0,16.8,8.3,0,0,0,0,53599,0,0,0,0,3,BOX ELDER,1,East Box Elder County not WFRC,2,Southeast Box Elder County,41,Elwood,Elwood
3171,171,34.2,89.8,2.63,32.1,2.4,22.2,7.6,47.0,1.4,0.9,3.1,19.1,0.7,1.8,1.6,3.6,0.0,0.0,13.0,1.8,0,0,0,0,76558,0,0,0,0,3,BOX ELDER,1,East Box Elder County not WFRC,2,Southeast Box Elder County,41,Elwood,Elwood
3172,172,28.9,62.6,2.17,0.0,0.0,0.0,0.0,8.0,0.0,0.0,0.0,0.0,0.0,0.0,0.0,0.0,0.0,0.0,6.5,1.5,0,0,0,0,76558,0,0,0,0,3,BOX ELDER,1,East Box Elder County not WFRC,2,Southeast Box Elder County,41,Elwood,Elwood
3173,173,10.9,27.3,2.50,0.0,0.0,0.0,0.0,6.2,0.0,0.0,0.0,0.0,0.0,0.0,0.0,0.0,0.0,0.0,5.6,0.6,0,0,0,0,53599,0,0,0,0,3,BOX ELDER,1,East Box Elder County not WFRC,2,Southeast Box Elder County,41,Elwood,Elwood
3174,174,9.3,32.8,3.52,0.0,0.0,0.0,0.0,1.4,0.0,0.0,0.0,0.0,0.0,0.0,0.0,0.0,0.0,0.0,0.9,0.5,0,0,0,0,76558,0,0,0,0,3,BOX ELDER,1,East Box Elder County not WFRC,2,Southeast Box Elder County,41,Elwood,Elwood
3175,175,29.6,84.8,2.86,0.0,0.0,0.0,0.0,6.3,0.0,0.0,0.0,0.0,0.0,0.0,0.0,0.0,0.0,0.0,4.7,1.6,0,0,0,0,76558,0,0,0,0,3,BOX ELDER,1,East Box Elder County not WFRC,2,Southeast Box Elder County,41,Elwood,Elwood
3176,176,60.5,151.5,2.50,0.0,0.0,0.0,0.0,32.1,0.0,0.0,0.0,0.0,0.0,0.0,0.0,0.0,8.4,0.0,20.5,3.2,0,0,0,0,76558,0,0,0,0,3,BOX ELDER,1,East Box Elder County not WFRC,2,Southeast Box Elder County,41,Elwood,Elwood
3177,177,133.9,390.7,2.92,10.8,0.6,1.0,9.1,40.2,0.4,0.2,0.8,0.3,0.2,0.4,0.4,8.1,0.0,0.0,22.4,7.1,0,0,0,0,76558,0,0,0,0,3,BOX ELDER,1,East Box Elder County not WFRC,2,Southeast Box Elder County,41,Elwood,Elwood
3178,178,17.4,25.9,1.49,0.0,0.0,0.0,0.0,4.6,0.0,0.0,0.0,0.0,0.0,0.0,0.0,0.0,0.0,0.0,3.7,0.9,0,0,0,0,76558,0,0,0,0,3,BOX ELDER,1,East Box Elder County not WFRC,2,Southeast Box Elder County,41,Elwood,Elwood
3179,179,31.1,48.5,1.56,0.0,0.0,0.0,0.0,7.2,0.0,0.0,0.0,0.0,0.0,0.0,0.0,0.0,0.0,0.0,5.6,1.6,0,0,0,0,76558,0,0,0,0,3,BOX ELDER,1,East Box Elder County not WFRC,2,Southeast Box Elder County,41,Elwood,Elwood
3180,180,11.0,27.6,2.50,0.0,0.0,0.0,0.0,4.3,0.0,0.0,0.0,0.0,0.0,0.0,0.0,0.0,0.0,0.0,3.7,0.6,0,0,0,0,76558,0,0,0,0,3,BOX ELDER,1,East Box Elder County not WFRC,2,Southeast Box Elder County,41,Elwood,Elwood
3181,181,35.9,94.7,2.64,6.1,0.4,4.4,1.3,15.5,0.2,0.2,3.3,1.1,0.1,0.3,0.3,0.6,0.0,0.0,7.5,1.9,0,0,0,0,76558,0,0,0,0,3,BOX ELDER,1,East Box Elder County not WFRC,2,Southeast Box Elder County,41,Elwood,Elwood
3182,182,16.2,34.4,2.13,0.0,0.0,0.0,0.0,6.5,0.0,0.0,0.0,0.0,0.0,0.0,0.0,0.0,0.0,0.0,5.6,0.9,0,0,0,0,66905,0,0,0,0,3,BOX ELDER,1,East Box Elder County not WFRC,2,Southeast Box Elder County,39,Deweyville,Deweyville
3183,183,37.6,127.0,3.38,0.0,0.0,0.0,0.0,8.5,0.0,0.0,0.0,0.0,0.0,0.0,0.0,0.0,0.0,0.0,6.5,2.0,0,0,0,0,66905,0,0,0,0,3,BOX ELDER,1,East Box Elder County not WFRC,2,Southeast Box Elder County,39,Deweyville,Deweyville
3184,184,38.4,163.5,4.26,4.6,0.6,1.0,3.1,15.9,0.3,0.2,0.7,0.2,0.2,0.4,1.7,0.8,0.0,0.0,9.3,2.0,0,0,0,0,66905,0,0,0,0,3,BOX ELDER,1,East Box Elder County not WFRC,2,Southeast Box Elder County,39,Deweyville,Deweyville
3185,185,40.1,73.1,1.82,0.0,0.0,0.0,0.0,9.6,0.0,0.0,0.0,0.0,0.0,0.0,0.0,0.0,0.0,0.0,7.5,2.1,0,0,0,0,66905,0,0,0,0,3,BOX ELDER,1,East Box Elder County not WFRC,2,Southeast Box Elder County,39,Deweyville,Deweyville
3186,186,14.3,35.1,2.46,0.0,0.0,0.0,0.0,7.3,0.0,0.0,0.0,0.0,0.0,0.0,0.0,0.0,0.0,0.0,6.5,0.8,0,0,0,0,66905,0,0,0,0,3,BOX ELDER,1,East Box Elder County not WFRC,2,Southeast Box Elder County,39,Deweyville,Deweyville
3187,187,3.0,7.6,2.52,0.0,0.0,0.0,0.0,1.1,0.0,0.0,0.0,0.0,0.0,0.0,0.0,0.0,0.0,0.0,0.9,0.2,0,0,0,0,66905,0,0,0,0,3,BOX ELDER,1,East Box Elder County not WFRC,2,Southeast Box Elder County,39,Deweyville,Deweyville
3188,188,31.1,50.1,1.61,0.0,0.0,0.0,0.0,9.1,0.0,0.0,0.0,0.0,0.0,0.0,0.0,0.0,0.0,0.0,7.5,1.6,0,0,0,0,66905,0,0,0,0,3,BOX ELDER,1,East Box Elder County not WFRC,2,Southeast Box Elder County,39,Deweyville,Deweyville
3189,189,46.7,103.4,2.22,0.0,0.0,0.0,0.0,35.6,0.0,0.0,0.0,0.0,0.0,0.0,0.0,0.0,29.4,0.0,3.7,2.5,0,0,0,0,66905,0,0,0,0,3,BOX ELDER,1,East Box Elder County not WFRC,2,Southeast Box Elder County,39,Deweyville,Deweyville
3190,190,40.1,112.9,2.82,16.6,0.4,0.7,15.5,29.9,0.2,0.2,0.5,0.2,0.1,0.3,0.3,14.9,0.0,0.0,11.2,2.1,0,0,0,0,69398,0,0,0,0,3,BOX ELDER,1,East Box Elder County not WFRC,2,Southeast Box Elder County,39,Deweyville,Deweyville
3191,191,26.5,84.7,3.19,5.5,1.6,1.0,2.9,6.9,1.5,0.1,0.2,0.8,2.4,0.1,0.1,0.2,0.0,0.0,0.0,1.4,0,0,0,0,66905,0,0,0,0,3,BOX ELDER,1,East Box Elder County not WFRC,2,Southeast Box Elder County,32,Deweyville Area,Balance of Box Elder
3192,192,13.6,35.4,2.60,0.0,0.0,0.0,0.0,6.3,0.0,0.0,0.0,0.0,0.0,0.0,0.0,0.0,0.0,0.0,5.6,0.7,0,0,0,0,53599,0,0,0,0,3,BOX ELDER,1,East Box Elder County not WFRC,2,Southeast Box Elder County,45,Honeyville,Honeyville
3193,193,90.1,257.3,2.86,198.4,6.8,11.9,179.6,221.8,4.1,2.7,8.9,3.1,2.0,5.1,4.5,168.0,0.0,0.0,18.6,4.8,0,0,0,0,91839,0,0,0,0,3,BOX ELDER,1,East Box Elder County not WFRC,2,Southeast Box Elder County,45,Honeyville,Honeyville
3194,194,259.7,312.2,1.20,0.0,0.0,0.0,0.0,110.7,0.0,0.0,0.0,0.0,0.0,0.0,0.0,0.0,0.0,0.0,96.9,13.8,0,0,0,0,66905,0,0,0,0,3,BOX ELDER,1,East Box Elder County not WFRC,2,Southeast Box Elder County,45,Honeyville,Honeyville
3195,195,18.4,52.7,2.87,71.3,16.7,40.2,14.4,105.0,14.9,1.8,38.2,2.1,1.3,3.4,3.0,6.7,25.2,0.0,7.5,1.0,0,0,0,0,76558,0,0,0,0,3,BOX ELDER,1,East Box Elder County not WFRC,2,Southeast Box Elder County,45,Honeyville,Honeyville
3196,196,21.0,92.7,4.41,5.8,0.8,1.3,3.7,11.6,0.5,0.3,1.0,0.3,0.2,0.6,1.8,1.1,0.0,0.0,4.7,1.1,0,0,0,0,91839,0,0,0,0,3,BOX ELDER,1,East Box Elder County not WFRC,2,Southeast Box Elder County,45,Honeyville,Honeyville
3197,197,157.6,524.0,3.32,0.0,0.0,0.0,0.0,29.8,0.0,0.0,0.0,0.0,0.0,0.0,0.0,0.0,0.0,0.0,21.4,8.4,0,0,0,0,66905,0,0,0,0,3,BOX ELDER,1,East Box Elder County not WFRC,2,Southeast Box Elder County,45,Honeyville,Honeyville
3198,198,200.4,534.9,2.67,117.8,3.6,6.4,107.9,128.4,2.2,1.4,4.6,1.7,1.0,8.3,90.3,8.2,0.0,0.0,0.0,10.6,0,0,0,0,91689,0,0,0,0,3,BOX ELDER,1,East Box Elder County not WFRC,2,Southeast Box Elder County,45,Honeyville,Honeyville
3199,199,27.8,85.7,3.08,0.0,0.0,0.0,0.0,9.0,0.0,0.0,0.0,0.0,0.0,0.0,0.0,0.0,0.0,0.0,7.5,1.5,0,0,0,0,76558,0,0,0,0,3,BOX ELDER,1,East Box Elder County not WFRC,2,Southeast Box Elder County,45,Honeyville,Honeyville
3200,200,19.6,54.7,2.80,40.7,6.3,11.1,23.3,44.5,3.7,2.6,8.3,2.8,1.9,4.8,4.4,12.2,0.0,0.0,2.8,1.0,0,0,0,0,66905,0,0,0,0,3,BOX ELDER,1,East Box Elder County not WFRC,2,Southeast Box Elder County,45,Honeyville,Honeyville
3201,201,50.7,110.9,2.19,0.0,0.0,0.0,0.0,9.2,0.0,0.0,0.0,0.0,0.0,0.0,0.0,0.0,0.0,0.0,6.5,2.7,0,0,0,0,66905,0,0,0,0,3,BOX ELDER,1,East Box Elder County not WFRC,2,Southeast Box Elder County,45,Honeyville,Honeyville
3202,202,43.7,112.7,2.58,0.0,0.0,0.0,0.0,13.5,0.0,0.0,0.0,0.0,0.0,0.0,0.0,0.0,0.0,0.0,11.2,2.3,0,0,0,0,66905,0,0,0,0,3,BOX ELDER,1,East Box Elder County not WFRC,2,Southeast Box Elder County,45,Honeyville,Honeyville
3203,203,19.0,55.6,2.92,0.0,0.0,0.0,0.0,5.7,0.0,0.0,0.0,0.0,0.0,0.0,0.0,0.0,0.0,0.0,4.7,1.0,0,0,0,0,76558,0,0,0,0,3,BOX ELDER,1,East Box Elder County not WFRC,2,Southeast Box Elder County,45,Honeyville,Honeyville
3204,204,42.6,135.7,3.19,18.7,0.5,1.6,16.6,34.1,0.3,0.2,0.7,0.9,0.2,0.4,0.4,15.7,0.0,0.0,13.0,2.3,0,0,0,0,66905,0,0,0,0,3,BOX ELDER,1,East Box Elder County not WFRC,2,Southeast Box Elder County,45,Honeyville,Honeyville
3205,205,64.3,156.3,2.43,35.8,0.0,0.0,35.8,47.6,0.0,0.0,0.0,0.0,0.0,31.2,0.0,4.6,0.0,0.0,8.4,3.4,0,0,0,0,66905,0,0,0,0,3,BOX ELDER,1,East Box Elder County not WFRC,2,Southeast Box Elder County,45,Honeyville,Honeyville
3206,206,20.4,38.3,1.88,8.3,0.0,8.3,0.0,14.9,0.0,0.0,8.3,0.0,0.0,0.0,0.0,0.0,0.0,0.0,5.6,1.1,0,0,0,0,66905,0,0,0,0,3,BOX ELDER,1,East Box Elder County not WFRC,2,Southeast Box Elder County,45,Honeyville,Honeyville
3207,207,12.9,33.4,2.60,0.0,0.0,0.0,0.0,6.3,0.0,0.0,0.0,0.0,0.0,0.0,0.0,0.0,0.0,0.0,5.6,0.7,0,0,0,0,66905,0,0,0,0,3,BOX ELDER,1,East Box Elder County not WFRC,2,Southeast Box Elder County,45,Honeyville,Honeyville
3208,208,0.0,0.0,0.00,0.0,0.0,0.0,0.0,0.0,0.0,0.0,0.0,0.0,0.0,0.0,0.0,0.0,0.0,0.0,0.0,0.0,0,0,0,0,66905,0,0,0,0,3,BOX ELDER,1,East Box Elder County not WFRC,2,Southeast Box Elder County,44,Honeyville Area,Balance of Box Elder
3209,209,0.0,0.0,0.00,0.0,0.0,0.0,0.0,0.0,0.0,0.0,0.0,0.0,0.0,0.0,0.0,0.0,0.0,0.0,0.0,0.0,0,0,0,0,66905,0,0,0,0,3,BOX ELDER,1,East Box Elder County not WFRC,2,Southeast Box Elder County,44,Honeyville Area,Balance of Box Elder
3210,210,4.2,12.6,2.96,0.0,0.0,0.0,0.0,0.2,0.0,0.0,0.0,0.0,0.0,0.0,0.0,0.0,0.0,0.0,0.0,0.2,0,0,0,0,66905,0,0,0,0,3,BOX ELDER,1,East Box Elder County not WFRC,2,Southeast Box Elder County,44,Honeyville Area,Balance of Box Elder
3211,211,145.1,360.2,2.48,9.6,0.6,1.0,8.0,134.4,0.3,0.2,0.7,0.3,0.2,6.6,0.4,0.8,105.1,0.0,12.1,7.7,0,0,0,0,76558,496,0,0,0,3,BOX ELDER,1,East Box Elder County not WFRC,2,Southeast Box Elder County,50,Bear River City,Bear River City
3212,212,159.9,406.6,2.54,21.8,7.4,8.0,6.3,44.3,7.0,0.5,1.5,6.5,2.9,0.9,0.8,1.7,0.0,0.0,14.0,8.5,0,0,0,0,76558,0,0,0,0,3,BOX ELDER,1,East Box Elder County not WFRC,2,Southeast Box Elder County,50,Bear River City,Bear River City
3213,213,91.7,236.3,2.58,13.2,0.4,0.7,12.1,38.6,0.3,0.2,0.5,0.2,8.7,0.3,0.3,2.8,0.0,0.0,20.5,4.9,0,0,0,0,76558,0,0,0,0,3,BOX ELDER,1,East Box Elder County not WFRC,2,Southeast Box Elder County,50,Bear River City,Bear River City
3214,214,43.1,108.5,2.52,0.0,0.0,0.0,0.0,13.5,0.0,0.0,0.0,0.0,0.0,0.0,0.0,0.0,0.0,0.0,11.2,2.3,0,0,0,0,76558,0,0,0,0,3,BOX ELDER,1,East Box Elder County not WFRC,2,Southeast Box Elder County,50,Bear River City,Bear River City
3215,215,10.1,15.7,1.56,0.0,0.0,0.0,0.0,0.5,0.0,0.0,0.0,0.0,0.0,0.0,0.0,0.0,0.0,0.0,0.0,0.5,0,0,0,0,76558,0,0,0,0,3,BOX ELDER,1,East Box Elder County not WFRC,2,Southeast Box Elder County,48,Bear River City Area,Balance of Box Elder
3216,216,7.1,21.5,3.03,0.0,0.0,0.0,0.0,0.4,0.0,0.0,0.0,0.0,0.0,0.0,0.0,0.0,0.0,0.0,0.0,0.4,0,0,0,0,76558,0,0,0,0,3,BOX ELDER,1,East Box Elder County not WFRC,2,Southeast Box Elder County,48,Bear River City Area,Balance of Box Elder
3217,217,9.0,32.5,3.59,0.0,0.0,0.0,0.0,0.5,0.0,0.0,0.0,0.0,0.0,0.0,0.0,0.0,0.0,0.0,0.0,0.5,0,0,0,0,76558,0,0,0,0,3,BOX ELDER,1,East Box Elder County not WFRC,2,Southeast Box Elder County,48,Bear River City Area,Balance of Box Elder
3218,218,4.9,12.1,2.46,0.0,0.0,0.0,0.0,0.3,0.0,0.0,0.0,0.0,0.0,0.0,0.0,0.0,0.0,0.0,0.0,0.3,0,0,0,0,76558,0,0,0,0,3,BOX ELDER,1,East Box Elder County not WFRC,2,Southeast Box Elder County,48,Bear River City Area,Balance of Box Elder
3219,219,4.6,13.7,2.96,1.3,0.0,1.1,0.1,1.5,0.0,0.0,0.0,1.1,0.0,0.0,0.0,0.1,0.0,0.0,0.0,0.2,0,0,0,0,76558,0,0,0,0,3,BOX ELDER,1,East Box Elder County not WFRC,2,Southeast Box Elder County,48,Bear River City Area,Balance of Box Elder
3220,220,4.6,14.9,3.21,0.0,0.0,0.0,0.0,0.2,0.0,0.0,0.0,0.0,0.0,0.0,0.0,0.0,0.0,0.0,0.0,0.2,0,0,0,0,76558,0,0,0,0,3,BOX ELDER,1,East Box Elder County not WFRC,2,Southeast Box Elder County,48,Bear River City Area,Balance of Box Elder
3221,221,0.0,0.0,0.00,1181.5,149.5,535.7,496.2,1191.7,89.7,59.8,402.9,132.8,50.2,111.4,100.4,234.3,0.0,0.0,10.3,0.0,0,0,0,0,51492,0,0,0,0,3,BOX ELDER,1,East Box Elder County not WFRC,2,Southeast Box Elder County,48,Bear River City Area,Balance of Box Elder
3222,222,3.9,10.8,2.80,0.0,0.0,0.0,0.0,0.2,0.0,0.0,0.0,0.0,0.0,0.0,0.0,0.0,0.0,0.0,0.0,0.2,0,0,0,0,76558,0,0,0,0,3,BOX ELDER,1,East Box Elder County not WFRC,2,Southeast Box Elder County,48,Bear River City Area,Balance of Box Elder
3223,223,0.0,0.0,0.00,0.0,0.0,0.0,0.0,0.0,0.0,0.0,0.0,0.0,0.0,0.0,0.0,0.0,0.0,0.0,0.0,0.0,0,0,0,0,76558,0,0,0,0,3,BOX ELDER,1,East Box Elder County not WFRC,2,Southeast Box Elder County,48,Bear River City Area,Balance of Box Elder
3224,224,3.9,7.0,1.80,0.0,0.0,0.0,0.0,0.2,0.0,0.0,0.0,0.0,0.0,0.0,0.0,0.0,0.0,0.0,0.0,0.2,0,0,0,0,76558,0,0,0,0,3,BOX ELDER,1,East Box Elder County not WFRC,2,Southeast Box Elder County,48,Bear River City Area,Balance of Box Elder
3225,225,48.6,132.8,2.73,20.9,1.1,1.9,17.9,23.5,0.7,0.4,1.4,0.5,0.3,0.8,0.7,16.1,0.0,0.0,0.0,2.6,0,0,0,0,76558,0,0,0,0,3,BOX ELDER,1,East Box Elder County not WFRC,2,Southeast Box Elder County,48,Bear River City Area,Balance of Box Elder
3226,226,0.0,0.0,0.00,0.0,0.0,0.0,0.0,0.0,0.0,0.0,0.0,0.0,0.0,0.0,0.0,0.0,0.0,0.0,0.0,0.0,0,0,0,0,76558,0,0,0,0,3,BOX ELDER,1,East Box Elder County not WFRC,2,Southeast Box Elder County,48,Bear River City Area,Balance of Box Elder
3227,227,0.0,0.0,0.00,1000.5,2.8,989.4,8.4,1000.5,1.7,1.0,3.5,985.9,0.7,2.0,1.7,3.9,0.0,0.0,0.0,0.0,0,0,0,0,51492,0,0,0,0,3,BOX ELDER,1,East Box Elder County not WFRC,2,Southeast Box Elder County,56,Corinne,Corinne
3228,228,0.0,0.0,0.00,21.9,3.7,6.0,12.2,23.8,2.2,1.5,4.6,1.4,1.1,2.7,2.8,5.6,0.0,0.0,1.9,0.0,0,0,0,0,51492,0,0,0,0,3,BOX ELDER,1,East Box Elder County not WFRC,2,Southeast Box Elder County,56,Corinne,Corinne
3229,229,46.5,103.1,2.22,397.8,59.8,179.1,158.8,402.1,29.9,29.9,154.9,24.2,14.4,37.0,33.0,74.4,0.0,0.0,1.9,2.5,0,0,0,0,51492,0,0,0,0,3,BOX ELDER,1,East Box Elder County not WFRC,2,Southeast Box Elder County,56,Corinne,Corinne
3230,230,87.5,104.8,1.20,0.0,0.0,0.0,0.0,4.6,0.0,0.0,0.0,0.0,0.0,0.0,0.0,0.0,0.0,0.0,0.0,4.6,0,0,0,0,51492,0,0,0,0,3,BOX ELDER,1,East Box Elder County not WFRC,2,Southeast Box Elder County,56,Corinne,Corinne
3231,231,86.1,221.3,2.57,152.7,47.2,38.3,67.2,158.2,32.1,15.2,27.4,10.9,6.1,15.6,14.0,31.5,0.0,0.0,0.9,4.6,0,0,0,0,51492,0,0,0,0,3,BOX ELDER,1,East Box Elder County not WFRC,2,Southeast Box Elder County,56,Corinne,Corinne
3232,232,107.8,326.6,3.03,0.0,0.0,0.0,0.0,24.3,0.0,0.0,0.0,0.0,0.0,0.0,0.0,0.0,0.0,0.0,18.6,5.7,0,0,0,0,51492,0,0,0,0,3,BOX ELDER,1,East Box Elder County not WFRC,2,Southeast Box Elder County,56,Corinne,Corinne
3233,233,140.2,406.5,2.90,69.0,3.4,7.2,58.4,76.4,2.0,1.4,4.4,2.7,1.0,42.8,2.3,12.3,0.0,0.0,0.0,7.4,0,0,0,0,51492,0,0,0,0,3,BOX ELDER,1,East Box Elder County not WFRC,2,Southeast Box Elder County,56,Corinne,Corinne
3234,234,51.4,96.6,1.88,7.5,1.1,2.8,3.6,17.7,0.7,0.5,1.5,1.3,0.3,0.8,0.8,1.7,0.0,0.0,7.5,2.7,0,0,0,0,51492,0,0,0,0,3,BOX ELDER,1,East Box Elder County not WFRC,2,Southeast Box Elder County,56,Corinne,Corinne
3235,235,8.3,26.8,3.21,0.0,0.0,0.0,0.0,0.4,0.0,0.0,0.0,0.0,0.0,0.0,0.0,0.0,0.0,0.0,0.0,0.4,0,0,0,0,63717,0,0,0,0,3,BOX ELDER,1,East Box Elder County not WFRC,2,Southeast Box Elder County,52,Corinne Area,Balance of Box Elder
3236,236,13.9,48.2,3.46,0.0,0.0,0.0,0.0,2.6,0.0,0.0,0.0,0.0,0.0,0.0,0.0,0.0,0.0,0.0,1.9,0.7,0,0,0,0,51492,0,0,0,0,3,BOX ELDER,1,East Box Elder County not WFRC,2,Southeast Box Elder County,52,Corinne Area,Balance of Box Elder
3237,237,21.0,59.6,2.84,0.0,0.0,0.0,0.0,3.0,0.0,0.0,0.0,0.0,0.0,0.0,0.0,0.0,0.0,0.0,1.9,1.1,0,0,0,0,51492,0,0,0,0,3,BOX ELDER,1,East Box Elder County not WFRC,2,Southeast Box Elder County,52,Corinne Area,Balance of Box Elder
3238,238,11.4,39.5,3.46,4.5,0.3,3.4,0.9,7.0,0.2,0.1,0.4,3.1,0.1,0.2,0.2,0.4,0.0,0.0,1.9,0.6,0,0,0,0,63717,0,0,0,0,3,BOX ELDER,1,East Box Elder County not WFRC,2,Southeast Box Elder County,52,Corinne Area,Balance of Box Elder
3239,239,16.1,36.4,2.26,0.0,0.0,0.0,0.0,2.8,0.0,0.0,0.0,0.0,0.0,0.0,0.0,0.0,0.0,0.0,1.9,0.9,0,0,0,0,63717,0,0,0,0,3,BOX ELDER,1,East Box Elder County not WFRC,2,Southeast Box Elder County,52,Corinne Area,Balance of Box Elder
3240,240,11.8,14.2,1.20,0.0,0.0,0.0,0.0,2.5,0.0,0.0,0.0,0.0,0.0,0.0,0.0,0.0,0.0,0.0,1.9,0.6,0,0,0,0,51492,0,0,0,0,3,BOX ELDER,1,East Box Elder County not WFRC,2,Southeast Box Elder County,52,Corinne Area,Balance of Box Elder
3241,241,14.2,24.3,1.71,0.0,0.0,0.0,0.0,2.7,0.0,0.0,0.0,0.0,0.0,0.0,0.0,0.0,0.0,0.0,1.9,0.8,0,0,0,0,51492,0,0,0,0,3,BOX ELDER,1,East Box Elder County not WFRC,2,Southeast Box Elder County,52,Corinne Area,Balance of Box Elder
3242,242,14.2,56.3,3.96,0.0,0.0,0.0,0.0,2.7,0.0,0.0,0.0,0.0,0.0,0.0,0.0,0.0,0.0,0.0,1.9,0.8,0,0,0,0,51492,0,0,0,0,3,BOX ELDER,1,East Box Elder County not WFRC,2,Southeast Box Elder County,52,Corinne Area,Balance of Box Elder
3243,243,40.3,108.1,2.69,0.0,0.0,0.0,0.0,3.0,0.0,0.0,0.0,0.0,0.0,0.0,0.0,0.0,0.0,0.0,0.9,2.1,0,0,0,0,51492,0,0,0,0,3,BOX ELDER,1,East Box Elder County not WFRC,2,Southeast Box Elder County,52,Corinne Area,Balance of Box Elder
3244,244,29.1,75.7,2.60,0.0,0.0,0.0,0.0,58.0,0.0,0.0,0.0,0.0,0.0,0.0,0.0,0.0,54.6,0.0,1.9,1.5,0,0,0,0,63717,0,0,0,0,3,BOX ELDER,1,East Box Elder County not WFRC,2,Southeast Box Elder County,52,Corinne Area,Balance of Box Elder
3245,245,23.8,73.0,3.06,0.0,0.0,0.0,0.0,3.2,0.0,0.0,0.0,0.0,0.0,0.0,0.0,0.0,0.0,0.0,1.9,1.3,0,0,0,0,63717,0,0,0,0,3,BOX ELDER,1,East Box Elder County not WFRC,2,Southeast Box Elder County,52,Corinne Area,Balance of Box Elder
3246,246,29.1,110.4,3.80,170.7,0.0,170.7,0.0,220.3,0.0,0.0,170.7,0.0,0.0,0.0,0.0,0.0,46.2,0.0,1.9,1.5,0,0,0,0,51492,0,0,0,0,3,BOX ELDER,1,East Box Elder County not WFRC,2,Southeast Box Elder County,52,Corinne Area,Balance of Box Elder
3247,247,14.0,38.1,2.71,0.0,0.0,0.0,0.0,2.6,0.0,0.0,0.0,0.0,0.0,0.0,0.0,0.0,0.0,0.0,1.9,0.7,0,0,0,0,51492,0,0,0,0,3,BOX ELDER,1,East Box Elder County not WFRC,2,Southeast Box Elder County,52,Corinne Area,Balance of Box Elder
3248,248,17.8,61.7,3.46,26.1,0.4,0.7,25.0,28.9,0.3,0.2,0.5,0.2,0.1,0.3,0.3,24.3,0.0,0.0,1.9,0.9,0,0,0,0,63717,0,0,0,0,3,BOX ELDER,1,East Box Elder County not WFRC,2,Southeast Box Elder County,52,Corinne Area,Balance of Box Elder
3249,249,34.7,85.6,2.46,0.0,0.0,0.0,0.0,3.7,0.0,0.0,0.0,0.0,0.0,0.0,0.0,0.0,0.0,0.0,1.9,1.8,0,0,0,0,51492,0,0,0,0,3,BOX ELDER,1,East Box Elder County not WFRC,2,Southeast Box Elder County,52,Corinne Area,Balance of Box Elder
3250,250,25.0,47.9,1.92,0.0,0.0,0.0,0.0,125.0,0.0,0.0,0.0,0.0,0.0,0.0,0.0,0.0,121.9,0.0,1.9,1.3,0,0,0,0,51492,0,0,0,0,3,BOX ELDER,1,East Box Elder County not WFRC,2,Southeast Box Elder County,52,Corinne Area,Balance of Box Elder
3251,251,14.0,31.0,2.21,0.0,0.0,0.0,0.0,2.6,0.0,0.0,0.0,0.0,0.0,0.0,0.0,0.0,0.0,0.0,1.9,0.7,0,0,0,0,51492,0,0,0,0,3,BOX ELDER,1,East Box Elder County not WFRC,2,Southeast Box Elder County,52,Corinne Area,Balance of Box Elder
3252,252,0.0,0.0,0.00,0.0,0.0,0.0,0.0,0.0,0.0,0.0,0.0,0.0,0.0,0.0,0.0,0.0,0.0,0.0,0.0,0.0,0,0,0,0,63717,0,0,0,0,3,BOX ELDER,1,East Box Elder County not WFRC,2,Southeast Box Elder County,52,Corinne Area,Balance of Box Elder
3253,253,0.0,0.0,0.00,0.0,0.0,0.0,0.0,0.0,0.0,0.0,0.0,0.0,0.0,0.0,0.0,0.0,0.0,0.0,0.0,0.0,0,0,0,0,51492,0,0,0,0,3,BOX ELDER,1,East Box Elder County not WFRC,2,Southeast Box Elder County,52,Corinne Area,Balance of Box Elder
3254,254,35.5,116.5,3.28,0.0,0.0,0.0,0.0,2.8,0.0,0.0,0.0,0.0,0.0,0.0,0.0,0.0,0.0,0.0,0.9,1.9,0,0,0,0,51492,0,0,0,0,3,BOX ELDER,1,East Box Elder County not WFRC,2,Southeast Box Elder County,52,Corinne Area,Balance of Box Elder
3255,255,0.0,0.0,0.00,0.0,0.0,0.0,0.0,0.0,0.0,0.0,0.0,0.0,0.0,0.0,0.0,0.0,0.0,0.0,0.0,0.0,0,0,0,0,51492,0,0,0,0,3,BOX ELDER,1,East Box Elder County not WFRC,2,Southeast Box Elder County,52,Corinne Area,Balance of Box Elder
3256,256,32.0,105.5,3.30,3.1,0.0,0.0,3.1,6.7,0.0,0.0,0.0,0.0,0.0,0.0,3.1,0.0,0.0,0.0,1.9,1.7,0,0,0,0,51492,0,0,0,0,3,BOX ELDER,1,East Box Elder County not WFRC,2,Southeast Box Elder County,52,Corinne Area,Balance of Box Elder
3257,257,26.5,54.0,2.04,11.7,1.5,2.7,7.5,189.6,0.9,0.6,2.0,0.7,0.5,1.1,1.0,4.8,176.5,0.0,0.0,1.4,0,0,0,0,63717,0,0,0,0,3,BOX ELDER,1,East Box Elder County not WFRC,2,Southeast Box Elder County,52,Corinne Area,Balance of Box Elder
3258,258,1.9,4.7,2.51,0.0,0.0,0.0,0.0,0.1,0.0,0.0,0.0,0.0,0.0,0.0,0.0,0.0,0.0,0.0,0.0,0.1,0,0,0,0,51492,0,0,0,0,3,BOX ELDER,1,East Box Elder County not WFRC,2,Southeast Box Elder County,52,Corinne Area,Balance of Box Elder
3259,259,0.0,0.0,0.00,0.0,0.0,0.0,0.0,0.0,0.0,0.0,0.0,0.0,0.0,0.0,0.0,0.0,0.0,0.0,0.0,0.0,0,0,0,0,71342,0,0,0,0,3,BOX ELDER,1,East Box Elder County not WFRC,2,Southeast Box Elder County,52,Corinne Area,Balance of Box Elder
3260,260,0.0,0.0,0.00,0.0,0.0,0.0,0.0,0.0,0.0,0.0,0.0,0.0,0.0,0.0,0.0,0.0,0.0,0.0,0.0,0.0,0,0,0,0,63717,0,0,0,0,3,BOX ELDER,1,East Box Elder County not WFRC,2,Southeast Box Elder County,52,Corinne Area,Balance of Box Elder
3261,261,0.0,0.0,0.00,0.0,0.0,0.0,0.0,0.0,0.0,0.0,0.0,0.0,0.0,0.0,0.0,0.0,0.0,0.0,0.0,0.0,0,0,0,0,63717,0,0,0,0,3,BOX ELDER,1,East Box Elder County not WFRC,2,Southeast Box Elder County,52,Corinne Area,Balance of Box Elder
3262,262,44.6,115.4,2.59,166.9,71.9,35.9,59.1,250.5,50.9,21.0,30.7,5.2,2.3,39.4,5.4,12.0,67.2,0.0,14.0,2.4,0,0,0,0,48456,24,0,0,0,3,BOX ELDER,2,Central Box Elder County,3,North Central Box Elder County,12,Snowville,Snowville
3263,263,7.9,15.5,1.96,0.0,0.0,0.0,0.0,0.4,0.0,0.0,0.0,0.0,0.0,0.0,0.0,0.0,0.0,0.0,0.0,0.4,0,0,0,0,48456,0,0,0,0,3,BOX ELDER,2,Central Box Elder County,3,North Central Box Elder County,2,Snowville Area,Balance of Box Elder
3264,264,7.7,14.6,1.89,0.0,0.0,0.0,0.0,0.4,0.0,0.0,0.0,0.0,0.0,0.0,0.0,0.0,0.0,0.0,0.0,0.4,0,0,0,0,48456,0,0,0,0,3,BOX ELDER,2,Central Box Elder County,3,North Central Box Elder County,2,Snowville Area,Balance of Box Elder
3265,265,1.2,2.9,2.46,0.0,0.0,0.0,0.0,0.1,0.0,0.0,0.0,0.0,0.0,0.0,0.0,0.0,0.0,0.0,0.0,0.1,0,0,0,0,48456,0,0,0,0,3,BOX ELDER,2,Central Box Elder County,3,North Central Box Elder County,2,Snowville Area,Balance of Box Elder
3266,266,2.9,10.2,3.46,0.0,0.0,0.0,0.0,0.2,0.0,0.0,0.0,0.0,0.0,0.0,0.0,0.0,0.0,0.0,0.0,0.2,0,0,0,0,48456,0,0,0,0,3,BOX ELDER,2,Central Box Elder County,3,North Central Box Elder County,2,Snowville Area,Balance of Box Elder
3267,267,5.1,11.5,2.26,0.0,0.0,0.0,0.0,0.3,0.0,0.0,0.0,0.0,0.0,0.0,0.0,0.0,0.0,0.0,0.0,0.3,0,0,0,0,64953,0,0,0,0,3,BOX ELDER,2,Central Box Elder County,3,North Central Box Elder County,2,Snowville Area,Balance of Box Elder
3268,268,5.9,8.6,1.46,12.6,1.7,5.5,5.5,92.8,1.0,0.7,2.2,3.2,0.5,1.3,1.1,2.6,79.8,0.0,0.0,0.3,0,0,0,0,48456,0,0,0,0,3,BOX ELDER,2,Central Box Elder County,3,North Central Box Elder County,2,Snowville Area,Balance of Box Elder
3269,269,2.5,6.2,2.46,0.0,0.0,0.0,0.0,0.1,0.0,0.0,0.0,0.0,0.0,0.0,0.0,0.0,0.0,0.0,0.0,0.1,0,0,0,0,48456,0,0,0,0,3,BOX ELDER,2,Central Box Elder County,3,North Central Box Elder County,2,Snowville Area,Balance of Box Elder
3270,270,5.4,24.3,4.46,0.0,0.0,0.0,0.0,0.3,0.0,0.0,0.0,0.0,0.0,0.0,0.0,0.0,0.0,0.0,0.0,0.3,0,0,0,0,48456,0,0,0,0,3,BOX ELDER,2,Central Box Elder County,3,North Central Box Elder County,2,Snowville Area,Balance of Box Elder
3271,271,2.1,5.2,2.46,2.2,0.0,2.2,0.0,2.3,0.0,0.0,0.0,2.2,0.0,0.0,0.0,0.0,0.0,0.0,0.0,0.1,0,0,0,0,48456,0,0,0,0,3,BOX ELDER,2,Central Box Elder County,3,North Central Box Elder County,2,Snowville Area,Balance of Box Elder
3272,272,1.4,3.4,2.46,0.0,0.0,0.0,0.0,0.1,0.0,0.0,0.0,0.0,0.0,0.0,0.0,0.0,0.0,0.0,0.0,0.1,0,0,0,0,64953,0,0,0,0,3,BOX ELDER,2,Central Box Elder County,3,North Central Box Elder County,2,Snowville Area,Balance of Box Elder
3273,273,2.1,5.2,2.46,0.0,0.0,0.0,0.0,0.1,0.0,0.0,0.0,0.0,0.0,0.0,0.0,0.0,0.0,0.0,0.0,0.1,0,0,0,0,48456,0,0,0,0,3,BOX ELDER,2,Central Box Elder County,3,North Central Box Elder County,2,Snowville Area,Balance of Box Elder
3274,274,1.4,4.7,3.46,0.0,0.0,0.0,0.0,0.1,0.0,0.0,0.0,0.0,0.0,0.0,0.0,0.0,0.0,0.0,0.0,0.1,0,0,0,0,64953,0,0,0,0,3,BOX ELDER,2,Central Box Elder County,3,North Central Box Elder County,2,Snowville Area,Balance of Box Elder
3275,275,138.0,335.7,2.43,22.1,1.1,4.3,16.8,47.1,0.7,0.4,1.4,2.9,0.3,14.1,0.7,1.6,0.0,0.0,17.7,7.3,0,0,0,0,64953,0,0,0,0,3,BOX ELDER,2,Central Box Elder County,3,North Central Box Elder County,26,Howell,Howell
3276,276,0.0,0.0,0.00,0.0,0.0,0.0,0.0,0.0,0.0,0.0,0.0,0.0,0.0,0.0,0.0,0.0,0.0,0.0,0.0,0.0,0,0,0,0,64145,0,0,0,0,3,BOX ELDER,2,Central Box Elder County,3,North Central Box Elder County,3,Howell Area,Balance of Box Elder
3277,277,0.0,0.0,0.00,0.0,0.0,0.0,0.0,0.0,0.0,0.0,0.0,0.0,0.0,0.0,0.0,0.0,0.0,0.0,0.0,0.0,0,0,0,0,64145,0,0,0,0,3,BOX ELDER,2,Central Box Elder County,3,North Central Box Elder County,3,Howell Area,Balance of Box Elder
3278,278,2.1,5.2,2.46,0.0,0.0,0.0,0.0,0.1,0.0,0.0,0.0,0.0,0.0,0.0,0.0,0.0,0.0,0.0,0.0,0.1,0,0,0,0,64953,0,0,0,0,3,BOX ELDER,2,Central Box Elder County,3,North Central Box Elder County,3,Howell Area,Balance of Box Elder
3279,279,0.0,0.0,0.00,0.0,0.0,0.0,0.0,0.0,0.0,0.0,0.0,0.0,0.0,0.0,0.0,0.0,0.0,0.0,0.0,0.0,0,0,0,0,64145,0,0,0,0,3,BOX ELDER,2,Central Box Elder County,3,North Central Box Elder County,3,Howell Area,Balance of Box Elder
3280,280,0.0,0.0,0.00,0.0,0.0,0.0,0.0,0.0,0.0,0.0,0.0,0.0,0.0,0.0,0.0,0.0,0.0,0.0,0.0,0.0,0,0,0,0,64953,0,0,0,0,3,BOX ELDER,2,Central Box Elder County,3,North Central Box Elder County,3,Howell Area,Balance of Box Elder
3281,281,0.0,0.0,0.00,0.0,0.0,0.0,0.0,0.0,0.0,0.0,0.0,0.0,0.0,0.0,0.0,0.0,0.0,0.0,0.0,0.0,0,0,0,0,64145,0,0,0,0,3,BOX ELDER,2,Central Box Elder County,3,North Central Box Elder County,3,Howell Area,Balance of Box Elder
3282,282,0.0,0.0,0.00,0.0,0.0,0.0,0.0,0.0,0.0,0.0,0.0,0.0,0.0,0.0,0.0,0.0,0.0,0.0,0.0,0.0,0,0,0,0,64953,0,0,0,0,3,BOX ELDER,2,Central Box Elder County,3,North Central Box Elder County,3,Howell Area,Balance of Box Elder
3283,283,6.7,16.8,2.51,0.0,0.0,0.0,0.0,0.4,0.0,0.0,0.0,0.0,0.0,0.0,0.0,0.0,0.0,0.0,0.0,0.4,0,0,0,0,64953,0,0,0,0,3,BOX ELDER,2,Central Box Elder County,3,North Central Box Elder County,3,Howell Area,Balance of Box Elder
3284,284,0.0,0.0,0.00,733.2,0.0,645.9,87.3,733.2,0.0,0.0,645.9,0.0,87.3,0.0,0.0,0.0,0.0,0.0,0.0,0.0,0,0,0,0,64953,0,0,0,0,3,BOX ELDER,2,Central Box Elder County,3,North Central Box Elder County,3,Howell Area,Balance of Box Elder
3285,285,5.9,7.1,1.20,0.0,0.0,0.0,0.0,0.3,0.0,0.0,0.0,0.0,0.0,0.0,0.0,0.0,0.0,0.0,0.0,0.3,0,0,0,0,64953,0,0,0,0,3,BOX ELDER,2,Central Box Elder County,3,North Central Box Elder County,3,Howell Area,Balance of Box Elder
3286,286,2.3,9.2,3.96,333.1,0.0,333.1,0.0,337.4,0.0,0.0,333.1,0.0,0.0,0.0,0.0,0.0,4.2,0.0,0.0,0.1,0,0,0,0,64953,0,0,0,0,3,BOX ELDER,2,Central Box Elder County,3,North Central Box Elder County,3,Howell Area,Balance of Box Elder
3287,287,0.0,0.0,0.00,0.0,0.0,0.0,0.0,0.0,0.0,0.0,0.0,0.0,0.0,0.0,0.0,0.0,0.0,0.0,0.0,0.0,0,0,0,0,63717,0,0,0,0,3,BOX ELDER,2,Central Box Elder County,4,Great Salt Lake - Box Elder,33,Great Salt Lake Area - BE,Balance of Box Elder
3288,288,13.8,16.5,1.20,13.0,1.4,6.9,4.6,13.7,0.9,0.6,1.9,5.0,0.4,1.1,1.0,2.2,0.0,0.0,0.0,0.7,0,0,0,0,48456,0,0,0,0,3,BOX ELDER,2,Central Box Elder County,4,Great Salt Lake - Box Elder,33,Great Salt Lake Area - BE,Balance of Box Elder
3289,289,0.0,0.0,0.00,0.0,0.0,0.0,0.0,0.0,0.0,0.0,0.0,0.0,0.0,0.0,0.0,0.0,0.0,0.0,0.0,0.0,0,0,0,0,71342,0,0,0,0,3,BOX ELDER,2,Central Box Elder County,4,Great Salt Lake - Box Elder,33,Great Salt Lake Area - BE,Balance of Box Elder
3290,290,13.7,20.0,1.46,0.0,0.0,0.0,0.0,0.7,0.0,0.0,0.0,0.0,0.0,0.0,0.0,0.0,0.0,0.0,0.0,0.7,0,0,0,0,63717,0,0,0,0,3,BOX ELDER,2,Central Box Elder County,4,Great Salt Lake - Box Elder,33,Great Salt Lake Area - BE,Balance of Box Elder
3291,291,0.0,0.0,0.00,0.0,0.0,0.0,0.0,0.0,0.0,0.0,0.0,0.0,0.0,0.0,0.0,0.0,0.0,0.0,0.0,0.0,0,0,0,0,48456,0,0,0,0,3,BOX ELDER,2,Central Box Elder County,4,Great Salt Lake - Box Elder,33,Great Salt Lake Area - BE,Balance of Box Elder
3292,292,0.0,0.0,0.00,0.0,0.0,0.0,0.0,0.0,0.0,0.0,0.0,0.0,0.0,0.0,0.0,0.0,0.0,0.0,0.0,0.0,0,0,0,0,48456,0,0,0,0,3,BOX ELDER,2,Central Box Elder County,4,Great Salt Lake - Box Elder,33,Great Salt Lake Area - BE,Balance of Box Elder
3293,293,0.0,0.0,0.00,0.0,0.0,0.0,0.0,0.0,0.0,0.0,0.0,0.0,0.0,0.0,0.0,0.0,0.0,0.0,0.0,0.0,0,0,0,0,48456,0,0,0,0,3,BOX ELDER,2,Central Box Elder County,4,Great Salt Lake - Box Elder,33,Great Salt Lake Area - BE,Balance of Box Elder
3294,294,55.8,121.8,2.18,0.0,0.0,0.0,0.0,3.0,0.0,0.0,0.0,0.0,0.0,0.0,0.0,0.0,0.0,0.0,0.0,3.0,0,0,0,0,48456,0,0,0,0,3,BOX ELDER,3,West Box Elder County,5,Western Box Elder County,1,Balance of Box Elder,Balance of Box Elder
3295,295,18.9,54.6,2.88,14.7,0.1,0.2,14.4,15.7,0.1,0.0,0.2,0.1,0.0,14.1,0.1,0.2,0.0,0.0,0.0,1.0,0,0,0,0,48456,0,0,0,0,3,BOX ELDER,3,West Box Elder County,5,Western Box Elder County,1,Balance of Box Elder,Balance of Box Elder
3296,296,28.1,71.1,2.53,0.0,0.0,0.0,0.0,22.5,0.0,0.0,0.0,0.0,0.0,0.0,0.0,0.0,0.0,21.0,0.0,1.5,0,0,0,0,48456,0,0,0,0,3,BOX ELDER,3,West Box Elder County,5,Western Box Elder County,1,Balance of Box Elder,Balance of Box Elder
3297,297,23.1,48.9,2.12,2.5,0.2,0.4,1.9,7.2,0.1,0.1,0.3,0.1,0.1,0.2,1.4,0.3,0.0,3.5,0.0,1.2,0,0,0,0,48456,0,0,0,0,3,BOX ELDER,3,West Box Elder County,5,Western Box Elder County,1,Balance of Box Elder,Balance of Box Elder
3298,298,3.9,5.8,1.46,0.0,0.0,0.0,0.0,0.2,0.0,0.0,0.0,0.0,0.0,0.0,0.0,0.0,0.0,0.0,0.0,0.2,0,0,0,0,48456,0,0,0,0,3,BOX ELDER,3,West Box Elder County,5,Western Box Elder County,1,Balance of Box Elder,Balance of Box Elder
3299,299,2.9,5.3,1.80,0.0,0.0,0.0,0.0,0.2,0.0,0.0,0.0,0.0,0.0,0.0,0.0,0.0,0.0,0.0,0.0,0.2,0,0,0,0,48456,0,0,0,0,3,BOX ELDER,3,West Box Elder County,5,Western Box Elder County,1,Balance of Box Elder,Balance of Box Elder
30001,1,0.0,0.0,0.00,0.0,0.0,0.0,0.0,0.0,0.0,0.0,0.0,0.0,0.0,0.0,0.0,0.0,0.0,0.0,0.0,0.0,0,0,0,0,66905,0,0,0,1,3,BOX ELDER,1,Box Elder - WFRC,1,North of Brigham City,51,Box Elder County North,Box Elder County North
30002,2,37.4,180.3,4.82,0.0,0.0,0.0,0.0,11.3,0.0,0.0,0.0,0.0,0.0,0.0,0.0,0.0,0.0,0.0,9.3,2.0,0,0,0,0,66905,0,0,0,1,3,BOX ELDER,1,Box Elder - WFRC,1,North of Brigham City,51,Box Elder County North,Box Elder County North
30003,3,18.3,65.3,3.57,0.0,0.0,0.0,0.0,2.9,0.0,0.0,0.0,0.0,0.0,0.0,0.0,0.0,0.0,0.0,1.9,1.0,0,0,0,0,51492,0,0,0,1,3,BOX ELDER,1,Box Elder - WFRC,1,North of Brigham City,51,Box Elder County North,Box Elder County North
30004,4,5.2,14.3,2.76,0.0,0.0,0.0,0.0,1.2,0.0,0.0,0.0,0.0,0.0,0.0,0.0,0.0,0.0,0.0,0.9,0.3,0,0,0,0,51492,0,0,0,1,3,BOX ELDER,1,Box Elder - WFRC,1,North of Brigham City,51,Box Elder County North,Box Elder County North
30005,5,69.8,170.0,2.43,9.9,1.2,2.2,6.6,21.1,0.7,0.5,1.6,0.5,0.4,0.9,3.4,1.9,0.0,0.0,7.5,3.7,0,0,0,0,68948,0,0,0,1,3,BOX ELDER,1,Box Elder - WFRC,1,North of Brigham City,51,Box Elder County North,Box Elder County North
30006,6,8.4,22.6,2.68,4.4,0.0,4.4,0.0,5.7,0.0,0.0,0.0,4.4,0.0,0.0,0.0,0.0,0.0,0.0,0.9,0.4,0,0,0,0,51492,0,0,0,1,3,BOX ELDER,1,Box Elder - WFRC,1,North of Brigham City,51,Box Elder County North,Box Elder County North
30007,7,44.0,103.3,2.35,63.6,8.4,24.4,30.9,158.4,5.6,2.8,9.2,15.2,2.0,5.2,4.7,18.9,92.5,0.0,0.0,2.3,0,0,0,0,51492,0,0,0,1,3,BOX ELDER,1,Box Elder - WFRC,1,North of Brigham City,51,Box Elder County North,Box Elder County North
30008,8,52.8,143.1,2.71,44.5,13.1,0.7,30.8,50.1,12.9,0.2,0.5,0.2,28.1,0.3,0.3,2.2,0.0,0.0,2.8,2.8,0,0,0,0,71055,0,0,0,1,3,BOX ELDER,1,Box Elder - WFRC,1,North of Brigham City,51,Box Elder County North,Box Elder County North
30009,9,36.4,43.6,1.20,71.4,4.5,52.5,14.4,80.8,2.7,1.8,5.9,46.7,1.3,3.3,3.0,6.7,0.0,0.0,7.5,1.9,0,0,0,0,51492,0,0,0,1,3,BOX ELDER,1,Box Elder - WFRC,1,North of Brigham City,56,Box Elder County North,Box Elder County North
30010,10,19.6,54.5,2.78,52.6,0.0,52.6,0.0,54.5,0.0,0.0,0.0,52.6,0.0,0.0,0.0,0.0,0.0,0.0,0.9,1.0,0,0,0,0,51492,0,0,0,1,3,BOX ELDER,1,Box Elder - WFRC,1,North of Brigham City,51,Box Elder County North,Box Elder County North
30011,11,8.2,19.9,2.43,0.0,0.0,0.0,0.0,1.3,0.0,0.0,0.0,0.0,0.0,0.0,0.0,0.0,0.0,0.0,0.9,0.4,0,0,0,0,71342,0,0,0,1,3,BOX ELDER,1,Box Elder - WFRC,2,Brigham City Area - W of I-15,51,Box Elder County North,Box Elder County North
30012,12,21.1,60.9,2.89,0.0,0.0,0.0,0.0,3.9,0.0,0.0,0.0,0.0,0.0,0.0,0.0,0.0,0.0,0.0,2.8,1.1,0,0,0,0,71342,0,0,0,1,3,BOX ELDER,1,Box Elder - WFRC,2,Brigham City Area - W of I-15,51,Box Elder County North,Box Elder County North
30013,13,14.0,34.0,2.42,0.0,0.0,0.0,0.0,4.4,0.0,0.0,0.0,0.0,0.0,0.0,0.0,0.0,0.0,0.0,3.7,0.7,0,0,0,0,71342,0,0,0,1,3,BOX ELDER,1,Box Elder - WFRC,2,Brigham City Area - W of I-15,51,Box Elder County North,Box Elder County North
30014,14,23.8,57.6,2.42,0.0,0.0,0.0,0.0,9.7,0.0,0.0,0.0,0.0,0.0,0.0,0.0,0.0,0.0,0.0,8.4,1.3,0,0,0,0,71342,0,0,0,1,3,BOX ELDER,1,Box Elder - WFRC,3,"Brigham City, North Perry",51,Box Elder County North,Box Elder County North
30015,15,1.0,2.5,2.51,320.5,26.8,200.8,93.0,342.5,16.2,10.6,121.1,79.6,7.7,19.8,17.6,47.8,21.0,0.0,0.9,0.1,0,0,0,0,66905,0,0,0,1,3,BOX ELDER,1,Box Elder - WFRC,1,North of Brigham City,53,Brigham City,Brigham City
30016,16,84.2,210.9,2.51,66.9,0.0,36.2,30.7,105.9,0.0,0.0,0.5,35.7,0.0,0.0,0.0,30.7,0.0,0.0,34.5,4.5,0,0,0,0,68948,0,0,0,1,3,BOX ELDER,1,Box Elder - WFRC,1,North of Brigham City,53,Brigham City,Brigham City
30017,17,241.2,1215.9,5.04,0.0,0.0,0.0,0.0,166.6,0.0,0.0,0.0,0.0,0.0,0.0,0.0,0.0,0.0,0.0,153.8,12.8,0,0,0,0,71342,0,0,0,1,3,BOX ELDER,1,Box Elder - WFRC,2,Brigham City Area - W of I-15,53,Brigham City,Brigham City
30018,18,0.0,0.0,0.00,828.1,62.1,569.1,196.8,830.9,37.7,24.5,445.5,123.6,17.7,46.1,40.8,92.2,0.0,0.0,2.8,0.0,0,0,0,0,71342,0,0,0,1,3,BOX ELDER,1,Box Elder - WFRC,3,"Brigham City, North Perry",53,Brigham City,Brigham City
30019,19,205.7,624.9,3.04,52.4,19.6,14.2,18.6,80.0,17.2,2.3,7.6,6.7,1.7,4.3,3.9,8.7,0.0,0.0,16.8,10.9,0,0,0,0,68948,0,0,0,1,3,BOX ELDER,1,Box Elder - WFRC,1,North of Brigham City,53,Brigham City,Brigham City
30020,20,193.9,413.5,2.13,150.2,28.6,33.0,88.7,179.2,21.2,7.4,24.1,8.8,5.4,13.8,12.4,57.1,0.0,0.0,18.6,10.3,0,0,0,0,79483,0,0,0,1,3,BOX ELDER,1,Box Elder - WFRC,3,"Brigham City, North Perry",53,Brigham City,Brigham City
30021,21,79.0,198.2,2.51,475.1,27.4,360.8,86.9,521.2,16.5,10.8,333.4,27.4,7.8,20.3,18.0,40.7,0.0,0.0,41.9,4.2,0,0,0,0,68948,0,0,0,1,3,BOX ELDER,1,Box Elder - WFRC,3,"Brigham City, North Perry",53,Brigham City,Brigham City
30022,22,88.8,222.6,2.51,119.9,18.9,39.1,62.0,160.0,11.2,7.7,31.1,8.0,5.7,14.1,13.4,28.8,0.0,0.0,35.4,4.7,0,0,0,0,68948,0,0,0,1,3,BOX ELDER,1,Box Elder - WFRC,3,"Brigham City, North Perry",53,Brigham City,Brigham City
30023,23,76.0,306.2,4.03,186.6,26.7,73.3,86.5,212.0,15.9,10.8,49.7,23.6,7.9,20.0,18.2,40.4,0.0,0.0,21.4,4.0,0,0,0,0,68948,0,0,0,1,3,BOX ELDER,1,Box Elder - WFRC,3,"Brigham City, North Perry",53,Brigham City,Brigham City
30024,24,147.4,530.4,3.60,16.0,2.4,4.2,9.4,40.6,1.4,1.0,3.2,1.0,0.7,1.8,3.1,3.7,0.0,0.0,16.8,7.8,0,0,0,0,68948,0,0,0,1,3,BOX ELDER,1,Box Elder - WFRC,3,"Brigham City, North Perry",53,Brigham City,Brigham City
30025,25,300.0,735.9,2.45,161.5,9.6,11.2,140.7,177.4,7.1,2.5,8.3,2.9,1.8,106.2,20.3,12.3,0.0,0.0,0.0,15.9,0,0,0,0,61738,457,0,0,1,3,BOX ELDER,1,Box Elder - WFRC,3,"Brigham City, North Perry",53,Brigham City,Brigham City
30026,26,183.0,282.8,1.55,183.0,14.5,16.1,152.4,192.7,13.6,1.0,8.7,7.3,0.7,43.2,85.6,22.8,0.0,0.0,0.0,9.7,0,0,0,0,54266,515,0,0,1,3,BOX ELDER,1,Box Elder - WFRC,3,"Brigham City, North Perry",53,Brigham City,Brigham City
30027,27,122.7,307.9,2.51,14.0,2.3,4.0,7.7,90.4,1.3,1.0,3.0,1.0,0.7,1.7,1.7,3.6,0.0,0.0,69.9,6.5,0,0,0,0,71342,0,0,0,1,3,BOX ELDER,1,Box Elder - WFRC,3,"Brigham City, North Perry",53,Brigham City,Brigham City
30028,28,212.9,317.4,1.49,284.6,38.5,122.0,124.1,366.7,23.0,15.5,104.8,17.2,11.3,28.8,26.0,58.1,0.0,0.0,70.8,11.3,0,0,0,0,71342,0,0,0,1,3,BOX ELDER,1,Box Elder - WFRC,3,"Brigham City, North Perry",53,Brigham City,Brigham City
30029,29,198.0,480.6,2.43,3.9,0.5,1.7,1.7,32.1,0.3,0.2,0.7,1.1,0.2,0.4,0.3,0.8,0.0,0.0,17.7,10.5,0,0,0,0,71342,0,0,0,1,3,BOX ELDER,1,Box Elder - WFRC,3,"Brigham City, North Perry",53,Brigham City,Brigham City
30030,30,309.3,685.5,2.22,83.3,9.3,2.2,71.9,99.7,9.3,0.0,0.0,2.2,30.8,0.0,33.5,7.6,0.0,0.0,0.0,16.4,0,0,0,0,50633,0,0,0,1,3,BOX ELDER,1,Box Elder - WFRC,3,"Brigham City, North Perry",53,Brigham City,Brigham City
30031,31,200.0,421.6,2.11,180.2,57.8,47.9,74.5,190.8,2.6,55.2,47.9,0.0,33.0,0.0,0.0,41.5,0.0,0.0,0.0,10.6,0,0,0,0,48874,0,0,0,1,3,BOX ELDER,1,Box Elder - WFRC,3,"Brigham City, North Perry",53,Brigham City,Brigham City
30032,32,130.1,347.0,2.67,3.9,0.5,1.7,1.7,10.8,0.3,0.2,0.7,1.1,0.2,0.4,0.3,0.8,0.0,0.0,0.0,6.9,0,0,0,0,54597,0,0,0,1,3,BOX ELDER,1,Box Elder - WFRC,3,"Brigham City, North Perry",53,Brigham City,Brigham City
30033,33,154.3,464.9,3.01,11.6,0.8,8.1,2.7,19.8,0.5,0.3,1.1,7.1,0.2,0.6,0.6,1.2,0.0,0.0,0.0,8.2,0,0,0,0,47880,0,0,0,1,3,BOX ELDER,1,Box Elder - WFRC,3,"Brigham City, North Perry",53,Brigham City,Brigham City
30034,34,173.3,419.1,2.42,16.4,1.3,10.0,5.0,25.6,1.3,0.0,10.0,0.0,5.0,0.0,0.0,0.0,0.0,0.0,0.0,9.2,0,0,0,0,72580,0,0,0,1,3,BOX ELDER,1,Box Elder - WFRC,3,"Brigham City, North Perry",53,Brigham City,Brigham City
30035,35,257.1,605.3,2.35,0.0,0.0,0.0,0.0,13.6,0.0,0.0,0.0,0.0,0.0,0.0,0.0,0.0,0.0,0.0,0.0,13.6,0,0,0,0,69784,0,0,0,1,3,BOX ELDER,1,Box Elder - WFRC,3,"Brigham City, North Perry",53,Brigham City,Brigham City
30036,36,125.5,205.6,1.64,0.0,0.0,0.0,0.0,18.8,0.0,0.0,0.0,0.0,0.0,0.0,0.0,0.0,0.0,0.0,12.1,6.7,0,0,0,0,79483,0,0,0,1,3,BOX ELDER,1,Box Elder - WFRC,3,"Brigham City, North Perry",53,Brigham City,Brigham City
30037,37,74.5,111.1,1.49,98.9,15.6,26.8,56.4,136.4,9.3,6.4,20.3,6.5,4.8,11.6,11.2,28.9,0.0,0.0,33.5,4.0,0,0,0,0,71342,0,0,0,1,3,BOX ELDER,1,Box Elder - WFRC,3,"Brigham City, North Perry",53,Brigham City,Brigham City
30038,38,2.3,5.8,2.51,1245.5,20.8,1150.3,74.4,1247.4,12.5,8.2,1141.0,9.3,6.0,23.6,13.8,31.0,0.0,0.0,1.9,0.1,0,0,0,0,71342,0,0,0,1,3,BOX ELDER,1,Box Elder - WFRC,3,"Brigham City, North Perry",53,Brigham City,Brigham City
30039,39,77.8,183.6,2.36,187.3,20.2,13.5,153.6,198.9,17.2,3.0,10.0,3.5,2.2,5.7,7.9,137.8,0.0,0.0,7.5,4.1,0,0,0,0,63775,0,0,0,1,3,BOX ELDER,1,Box Elder - WFRC,3,"Brigham City, North Perry",53,Brigham City,Brigham City
30040,40,338.7,639.0,1.89,264.3,31.3,11.5,221.5,282.3,30.2,1.1,3.6,7.9,48.7,75.7,33.8,63.4,0.0,0.0,0.0,18.0,0,0,0,0,44064,0,0,0,1,3,BOX ELDER,1,Box Elder - WFRC,3,"Brigham City, North Perry",53,Brigham City,Brigham City
30041,41,107.7,204.2,1.90,610.1,225.1,83.5,301.5,618.6,206.3,18.9,61.9,21.6,13.7,35.4,60.9,191.5,0.0,0.0,2.8,5.7,0,0,0,0,37413,0,0,0,1,3,BOX ELDER,1,Box Elder - WFRC,3,"Brigham City, North Perry",53,Brigham City,Brigham City
30042,42,70.0,216.3,3.09,81.6,0.0,0.0,81.6,85.3,0.0,0.0,0.0,0.0,2.0,0.0,0.0,79.7,0.0,0.0,0.0,3.7,0,0,0,0,37413,0,0,0,1,3,BOX ELDER,1,Box Elder - WFRC,3,"Brigham City, North Perry",53,Brigham City,Brigham City
30043,43,205.4,620.5,3.02,82.2,0.6,1.3,80.3,93.1,0.4,0.3,0.8,0.5,0.2,32.6,46.5,1.0,0.0,0.0,0.0,10.9,0,0,0,0,69838,0,0,0,1,3,BOX ELDER,1,Box Elder - WFRC,3,"Brigham City, North Perry",53,Brigham City,Brigham City
30044,44,163.0,412.6,2.53,0.0,0.0,0.0,0.0,14.2,0.0,0.0,0.0,0.0,0.0,0.0,0.0,0.0,0.0,0.0,5.6,8.6,0,0,0,0,79596,0,0,0,1,3,BOX ELDER,1,Box Elder - WFRC,3,"Brigham City, North Perry",53,Brigham City,Brigham City
30045,45,154.5,415.7,2.69,25.8,0.0,0.0,25.8,49.8,0.0,0.0,0.0,0.0,25.8,0.0,0.0,0.0,0.0,0.0,15.8,8.2,0,0,0,0,79606,0,0,0,1,3,BOX ELDER,1,Box Elder - WFRC,3,"Brigham City, North Perry",53,Brigham City,Brigham City
30046,46,0.0,0.0,0.00,0.0,0.0,0.0,0.0,0.0,0.0,0.0,0.0,0.0,0.0,0.0,0.0,0.0,0.0,0.0,0.0,0.0,0,0,0,0,79606,0,0,0,1,3,BOX ELDER,1,Box Elder - WFRC,3,"Brigham City, North Perry",53,Brigham City,Brigham City
30047,47,0.0,0.0,0.00,0.0,0.0,0.0,0.0,0.0,0.0,0.0,0.0,0.0,0.0,0.0,0.0,0.0,0.0,0.0,0.0,0.0,0,0,0,0,71342,0,0,0,1,3,BOX ELDER,1,Box Elder - WFRC,2,Brigham City Area - W of I-15,53,Brigham City,Brigham City
30048,48,11.3,36.8,3.27,0.0,0.0,0.0,0.0,2.5,0.0,0.0,0.0,0.0,0.0,0.0,0.0,0.0,0.0,0.0,1.9,0.6,0,0,0,0,71342,0,0,0,1,3,BOX ELDER,1,Box Elder - WFRC,2,Brigham City Area - W of I-15,53,Brigham City,Brigham City
30049,49,92.3,231.5,2.51,307.1,126.0,64.0,117.1,361.4,86.9,39.1,47.6,16.4,10.6,27.2,24.5,54.8,0.0,0.0,49.4,4.9,0,0,0,0,71342,0,0,0,1,3,BOX ELDER,1,Box Elder - WFRC,3,"Brigham City, North Perry",53,Brigham City,Brigham City
30050,50,149.2,373.8,2.51,474.2,45.2,99.3,329.8,538.0,27.3,17.9,63.3,35.9,41.9,127.4,92.1,68.4,0.0,0.0,55.9,7.9,0,0,0,0,71342,0,0,0,1,3,BOX ELDER,1,Box Elder - WFRC,3,"Brigham City, North Perry",53,Brigham City,Brigham City
30051,51,67.6,292.7,4.33,88.5,5.9,33.1,49.5,108.0,3.5,2.3,14.4,18.7,16.7,4.4,19.8,8.7,0.0,0.0,15.8,3.6,0,0,0,0,53556,0,0,0,1,3,BOX ELDER,1,Box Elder - WFRC,3,"Brigham City, North Perry",53,Brigham City,Brigham City
30052,52,46.0,86.5,1.88,1800.3,0.0,79.3,1721.1,1802.7,0.0,0.0,79.3,0.0,0.0,0.0,14.0,1707.1,0.0,0.0,0.0,2.4,0,0,0,0,36260,0,0,0,1,3,BOX ELDER,1,Box Elder - WFRC,3,"Brigham City, North Perry",53,Brigham City,Brigham City
30053,53,220.2,493.6,2.24,1237.2,261.0,16.6,959.6,1248.9,227.8,33.2,0.0,16.6,49.7,310.8,64.8,534.3,0.0,0.0,0.0,11.7,0,0,0,0,36260,0,0,116,1,3,BOX ELDER,1,Box Elder - WFRC,3,"Brigham City, North Perry",53,Brigham City,Brigham City
30054,54,170.3,340.3,2.00,669.4,56.6,21.7,591.2,679.3,11.3,45.3,16.4,5.3,78.4,209.8,93.2,209.8,0.0,0.0,0.9,9.0,0,0,0,0,40402,0,0,0,1,3,BOX ELDER,1,Box Elder - WFRC,3,"Brigham City, North Perry",53,Brigham City,Brigham City
30055,55,156.2,347.0,2.22,210.5,0.0,0.0,210.5,218.8,0.0,0.0,0.0,0.0,1.6,194.6,0.0,14.3,0.0,0.0,0.0,8.3,0,0,0,0,40402,0,1093,0,1,3,BOX ELDER,1,Box Elder - WFRC,3,"Brigham City, North Perry",53,Brigham City,Brigham City
30056,56,37.1,79.1,2.13,0.0,0.0,0.0,0.0,2.9,0.0,0.0,0.0,0.0,0.0,0.0,0.0,0.0,0.0,0.0,0.9,2.0,0,0,0,0,79606,0,0,0,1,3,BOX ELDER,1,Box Elder - WFRC,3,"Brigham City, North Perry",53,Brigham City,Brigham City
30057,57,87.2,153.7,1.76,0.0,0.0,0.0,0.0,7.4,0.0,0.0,0.0,0.0,0.0,0.0,0.0,0.0,0.0,0.0,2.8,4.6,0,0,0,0,79606,0,0,0,1,3,BOX ELDER,1,Box Elder - WFRC,3,"Brigham City, North Perry",53,Brigham City,Brigham City
30058,58,0.0,0.0,0.00,0.0,0.0,0.0,0.0,0.0,0.0,0.0,0.0,0.0,0.0,0.0,0.0,0.0,0.0,0.0,0.0,0.0,0,0,0,0,79606,0,0,0,1,3,BOX ELDER,1,Box Elder - WFRC,3,"Brigham City, North Perry",53,Brigham City,Brigham City
30059,59,122.7,307.9,2.51,0.0,0.0,0.0,0.0,76.4,0.0,0.0,0.0,0.0,0.0,0.0,0.0,0.0,0.0,0.0,69.9,6.5,0,0,0,0,71342,0,0,0,1,3,BOX ELDER,1,Box Elder - WFRC,3,"Brigham City, North Perry",53,Brigham City,Brigham City
30060,60,144.3,362.0,2.51,0.0,0.0,0.0,0.0,100.0,0.0,0.0,0.0,0.0,0.0,0.0,0.0,0.0,0.0,0.0,92.3,7.7,0,0,0,0,71342,0,0,0,1,3,BOX ELDER,1,Box Elder - WFRC,3,"Brigham City, North Perry",53,Brigham City,Brigham City
30061,61,253.9,619.0,2.44,0.0,0.0,0.0,0.0,33.1,0.0,0.0,0.0,0.0,0.0,0.0,0.0,0.0,0.0,0.0,19.6,13.5,0,0,0,0,52227,0,0,0,1,3,BOX ELDER,1,Box Elder - WFRC,3,"Brigham City, North Perry",53,Brigham City,Brigham City
30062,62,205.1,586.4,2.86,70.8,10.3,15.7,44.9,82.6,6.7,3.6,11.7,4.0,2.6,6.7,6.0,29.5,0.0,0.0,0.9,10.9,0,0,0,0,52635,0,0,0,1,3,BOX ELDER,1,Box Elder - WFRC,3,"Brigham City, North Perry",53,Brigham City,Brigham City
30063,63,22.1,71.4,3.24,194.3,0.0,0.0,194.3,196.5,0.0,0.0,0.0,0.0,0.0,194.3,0.0,0.0,0.0,0.0,0.9,1.2,0,0,0,0,53556,0,0,1545,1,3,BOX ELDER,1,Box Elder - WFRC,3,"Brigham City, North Perry",53,Brigham City,Brigham City
30064,64,210.3,551.9,2.62,163.6,86.1,18.9,58.5,175.7,6.6,79.6,14.0,4.9,3.1,8.0,7.1,40.3,0.0,0.0,0.9,11.2,0,0,0,0,52227,0,0,0,1,3,BOX ELDER,1,Box Elder - WFRC,3,"Brigham City, North Perry",53,Brigham City,Brigham City
30065,65,265.3,636.6,2.40,69.5,35.1,1.0,33.4,83.6,34.9,0.2,0.7,0.3,0.2,4.3,1.1,27.8,0.0,0.0,0.0,14.1,0,0,0,0,53556,0,0,0,1,3,BOX ELDER,1,Box Elder - WFRC,3,"Brigham City, North Perry",53,Brigham City,Brigham City
30066,66,162.5,259.1,1.59,138.4,66.6,7.0,64.8,147.0,44.5,22.1,5.2,1.8,1.1,3.0,11.1,49.6,0.0,0.0,0.0,8.6,0,0,0,0,44338,0,0,0,1,3,BOX ELDER,1,Box Elder - WFRC,3,"Brigham City, North Perry",53,Brigham City,Brigham City
30067,67,137.0,310.5,2.27,113.8,68.2,0.0,45.6,121.1,68.2,0.0,0.0,0.0,1.9,0.0,0.3,43.4,0.0,0.0,0.0,7.3,0,0,0,0,42956,0,0,0,1,3,BOX ELDER,1,Box Elder - WFRC,3,"Brigham City, North Perry",53,Brigham City,Brigham City
30068,68,174.2,338.2,1.94,36.2,0.0,0.0,36.2,45.4,0.0,0.0,0.0,0.0,0.0,0.0,19.4,16.8,0.0,0.0,0.0,9.2,0,0,0,0,44041,0,0,0,1,3,BOX ELDER,1,Box Elder - WFRC,3,"Brigham City, North Perry",53,Brigham City,Brigham City
30069,69,31.9,107.0,3.36,82.6,9.7,16.9,56.0,86.2,5.8,3.8,12.6,4.4,2.8,7.2,6.4,39.6,0.0,0.0,1.9,1.7,0,0,0,0,42956,0,0,0,1,3,BOX ELDER,1,Box Elder - WFRC,3,"Brigham City, North Perry",53,Brigham City,Brigham City
30070,70,103.0,351.6,3.41,23.5,0.2,0.3,23.0,34.6,0.1,0.1,0.2,0.1,6.4,0.1,0.1,16.4,0.0,0.0,5.6,5.5,0,0,0,0,45647,0,0,0,1,3,BOX ELDER,1,Box Elder - WFRC,3,"Brigham City, North Perry",53,Brigham City,Brigham City
30071,71,0.0,0.0,0.00,0.0,0.0,0.0,0.0,0.0,0.0,0.0,0.0,0.0,0.0,0.0,0.0,0.0,0.0,0.0,0.0,0.0,0,0,0,0,44592,0,0,0,1,3,BOX ELDER,1,Box Elder - WFRC,3,"Brigham City, North Perry",53,Brigham City,Brigham City
30072,72,99.3,342.8,3.45,85.6,0.6,0.9,84.1,94.6,0.6,0.0,0.0,0.9,0.0,0.0,0.0,84.1,0.0,0.0,3.7,5.3,0,0,0,0,43896,0,0,0,1,3,BOX ELDER,1,Box Elder - WFRC,3,"Brigham City, North Perry",53,Brigham City,Brigham City
30073,73,5.4,14.8,2.71,0.0,0.0,0.0,0.0,0.3,0.0,0.0,0.0,0.0,0.0,0.0,0.0,0.0,0.0,0.0,0.0,0.3,0,0,0,0,84675,0,0,0,1,3,BOX ELDER,2,East Box Elder County not WFRC,5,"Mantua, East Mountains",55,Balance of BOX ELDER,Balance of BOX ELDER
30074,74,79.0,198.2,2.51,139.9,22.7,40.9,76.3,186.0,12.8,9.9,30.8,10.1,7.1,17.3,16.2,35.6,0.0,0.0,41.9,4.2,0,0,0,0,71342,0,0,0,1,3,BOX ELDER,1,Box Elder - WFRC,3,"Brigham City, North Perry",53,Brigham City,Brigham City
30075,75,504.2,1144.8,2.27,590.4,81.6,117.1,391.6,712.2,42.8,38.8,87.0,30.0,19.4,88.7,168.4,115.2,0.0,0.0,95.1,26.8,0,0,0,0,52227,0,0,0,1,3,BOX ELDER,1,Box Elder - WFRC,3,"Brigham City, North Perry",53,Brigham City,Brigham City
30076,76,491.3,1224.0,2.49,155.6,24.3,41.7,89.6,285.1,14.4,9.9,31.5,10.1,7.4,18.1,24.6,39.5,0.0,0.0,103.4,26.1,0,0,0,0,52227,0,0,0,1,3,BOX ELDER,1,Box Elder - WFRC,3,"Brigham City, North Perry",53,Brigham City,Brigham City
30077,77,510.0,1059.4,2.08,942.1,35.4,73.6,833.1,1062.4,21.4,14.0,57.7,16.0,10.1,154.8,615.6,52.6,0.0,0.0,93.2,27.1,0,0,0,0,52227,0,0,0,1,3,BOX ELDER,1,Box Elder - WFRC,3,"Brigham City, North Perry",53,Brigham City,Brigham City
30078,78,579.8,1381.2,2.38,305.3,96.8,42.0,166.5,357.5,69.5,27.3,31.1,10.9,6.9,17.8,27.1,114.8,0.0,0.0,21.4,30.8,0,0,0,0,46674,0,0,0,1,3,BOX ELDER,1,Box Elder - WFRC,3,"Brigham City, North Perry",53,Brigham City,Brigham City
30079,79,480.2,870.2,1.81,406.4,148.9,22.1,235.4,513.0,53.7,95.2,16.4,5.7,13.7,59.2,125.1,37.4,0.0,0.0,81.1,25.5,0,0,0,0,46674,597,0,0,1,3,BOX ELDER,1,Box Elder - WFRC,3,"Brigham City, North Perry",53,Brigham City,Brigham City
30080,80,547.1,838.1,1.53,351.0,120.0,34.7,196.2,456.4,27.3,92.7,25.8,9.0,24.1,129.6,13.1,29.5,0.0,0.0,76.4,29.0,0,0,0,0,46674,0,0,0,1,3,BOX ELDER,1,Box Elder - WFRC,3,"Brigham City, North Perry",53,Brigham City,Brigham City
30081,81,155.7,242.9,1.56,314.1,23.0,40.2,251.0,345.7,13.9,9.1,29.8,10.4,6.6,71.7,15.1,157.6,0.0,0.0,23.3,8.3,0,0,0,0,45683,327,0,0,1,3,BOX ELDER,1,Box Elder - WFRC,3,"Brigham City, North Perry",53,Brigham City,Brigham City
30082,82,376.8,624.4,1.66,499.1,124.1,37.8,337.2,520.0,50.8,73.3,27.6,10.2,43.6,15.8,99.5,178.4,0.0,0.0,0.9,20.0,0,0,0,0,45683,0,0,0,1,3,BOX ELDER,1,Box Elder - WFRC,3,"Brigham City, North Perry",53,Brigham City,Brigham City
30083,83,0.0,0.0,0.00,248.3,184.5,19.3,44.4,249.2,69.4,115.2,14.3,5.0,3.2,8.2,7.3,25.8,0.0,0.0,0.9,0.0,0,0,0,0,93342,0,0,0,1,3,BOX ELDER,1,Box Elder - WFRC,3,"Brigham City, North Perry",53,Brigham City,Brigham City
30084,84,185.8,466.2,2.51,251.3,102.8,18.8,129.7,380.5,77.5,25.3,14.0,4.9,7.2,69.3,22.4,30.8,0.0,0.0,119.3,9.9,0,0,0,0,93342,0,0,0,1,3,BOX ELDER,1,Box Elder - WFRC,3,"Brigham City, North Perry",53,Brigham City,Brigham City
30085,85,61.9,185.6,3.00,133.6,11.3,24.0,98.3,144.3,7.7,3.6,11.8,12.2,7.1,6.8,19.4,65.0,0.0,0.0,7.5,3.3,0,0,0,0,93342,0,0,0,1,3,BOX ELDER,1,Box Elder - WFRC,3,"Brigham City, North Perry",53,Brigham City,Brigham City
30086,86,14.5,36.7,2.53,155.5,45.0,38.8,71.7,162.8,32.7,12.3,29.0,9.8,6.6,16.5,15.1,33.5,0.0,0.0,6.5,0.8,0,0,0,0,71342,0,0,0,1,3,BOX ELDER,1,Box Elder - WFRC,2,Brigham City Area - W of I-15,60,Perry,Perry
30087,87,66.0,165.7,2.51,0.0,0.0,0.0,0.0,30.5,0.0,0.0,0.0,0.0,0.0,0.0,0.0,0.0,0.0,0.0,27.0,3.5,0,0,0,0,93342,0,0,0,1,3,BOX ELDER,1,Box Elder - WFRC,3,"Brigham City, North Perry",60,Perry,Perry
30088,88,66.0,165.7,2.51,0.0,0.0,0.0,0.0,43.1,0.0,0.0,0.0,0.0,0.0,0.0,0.0,0.0,12.6,0.0,27.0,3.5,0,0,0,0,93342,0,0,0,1,3,BOX ELDER,1,Box Elder - WFRC,3,"Brigham City, North Perry",60,Perry,Perry
30089,89,162.0,349.8,2.16,335.5,275.1,7.9,52.5,367.4,2.4,272.7,5.2,2.7,1.1,3.0,2.6,45.8,0.0,0.0,23.3,8.6,0,0,0,0,93342,0,0,0,1,3,BOX ELDER,1,Box Elder - WFRC,3,"Brigham City, North Perry",60,Perry,Perry
30090,90,122.5,383.1,3.13,716.6,499.7,12.6,204.2,749.2,433.5,66.2,9.7,2.9,142.0,48.4,4.3,9.6,0.0,0.0,26.1,6.5,0,0,0,0,93342,0,0,0,1,3,BOX ELDER,1,Box Elder - WFRC,3,"Brigham City, North Perry",60,Perry,Perry
30091,91,254.3,626.5,2.46,117.4,0.0,0.6,116.7,145.8,0.0,0.0,0.0,0.6,91.9,0.0,1.5,23.3,0.0,0.0,14.9,13.5,0,0,0,0,93342,0,0,0,1,3,BOX ELDER,1,Box Elder - WFRC,3,"Brigham City, North Perry",60,Perry,Perry
30092,92,200.0,578.3,2.89,198.2,20.6,40.9,136.6,209.7,12.5,8.1,31.3,9.7,15.2,15.3,39.8,66.4,0.0,0.0,0.9,10.6,0,0,0,0,93342,0,0,0,1,3,BOX ELDER,1,Box Elder - WFRC,3,"Brigham City, North Perry",60,Perry,Perry
30093,93,105.9,266.0,2.51,0.0,0.0,0.0,0.0,55.0,0.0,0.0,0.0,0.0,0.0,0.0,0.0,0.0,0.0,0.0,49.4,5.6,0,0,0,0,71901,0,0,0,1,3,BOX ELDER,1,Box Elder - WFRC,3,"Brigham City, North Perry",60,Perry,Perry
30094,94,111.6,282.4,2.53,0.0,0.0,0.0,0.0,38.5,0.0,0.0,0.0,0.0,0.0,0.0,0.0,0.0,0.0,0.0,32.6,5.9,0,0,0,0,71901,0,0,0,1,3,BOX ELDER,1,Box Elder - WFRC,3,"Brigham City, North Perry",60,Perry,Perry
30095,95,283.0,874.6,3.09,194.2,57.6,25.2,111.4,217.6,8.7,48.9,18.6,6.6,8.4,10.6,34.6,57.9,0.0,0.0,8.4,15.0,0,0,0,0,71901,562,0,0,1,3,BOX ELDER,1,Box Elder - WFRC,3,"Brigham City, North Perry",60,Perry,Perry
30096,96,270.2,497.7,1.84,63.7,7.8,13.6,42.3,78.9,4.7,3.1,10.1,3.5,2.3,5.8,17.7,16.6,0.0,0.0,0.9,14.3,0,0,0,0,93342,0,0,0,1,3,BOX ELDER,1,Box Elder - WFRC,3,"Brigham City, North Perry",60,Perry,Perry
30097,97,0.0,0.0,0.00,0.0,0.0,0.0,0.0,0.0,0.0,0.0,0.0,0.0,0.0,0.0,0.0,0.0,0.0,0.0,0.0,0.0,0,0,0,0,71342,0,0,0,1,3,BOX ELDER,1,Box Elder - WFRC,2,Brigham City Area - W of I-15,60,Perry,Perry
30098,98,14.9,37.4,2.51,2.6,0.4,0.7,1.4,8.0,0.2,0.2,0.6,0.2,0.1,0.3,0.3,0.6,0.0,0.0,4.7,0.8,0,0,0,0,71342,0,0,0,1,3,BOX ELDER,1,Box Elder - WFRC,2,Brigham City Area - W of I-15,60,Perry,Perry
30099,99,0.0,0.0,0.00,0.0,0.0,0.0,0.0,0.0,0.0,0.0,0.0,0.0,0.0,0.0,0.0,0.0,0.0,0.0,0.0,0.0,0,0,0,0,90006,0,0,0,1,3,BOX ELDER,1,Box Elder - WFRC,3,"Brigham City, North Perry",60,Perry,Perry
30100,100,105.1,327.9,3.12,2.1,0.0,0.0,2.1,22.6,0.0,0.0,0.0,0.0,0.0,0.0,2.1,0.0,0.0,0.0,14.9,5.6,0,0,0,0,90006,0,0,0,1,3,BOX ELDER,1,Box Elder - WFRC,3,"Brigham City, North Perry",60,Perry,Perry
30101,101,440.6,1233.6,2.80,134.7,15.5,9.3,109.8,158.1,2.2,13.3,4.7,4.6,5.2,17.9,33.4,53.4,0.0,0.0,0.0,23.4,0,0,0,0,83414,0,0,0,1,3,BOX ELDER,1,Box Elder - WFRC,3,"Brigham City, North Perry",60,Perry,Perry
30102,102,0.0,0.0,0.00,0.0,0.0,0.0,0.0,0.0,0.0,0.0,0.0,0.0,0.0,0.0,0.0,0.0,0.0,0.0,0.0,0.0,0,0,0,0,90006,0,0,0,1,3,BOX ELDER,1,Box Elder - WFRC,3,"Brigham City, North Perry",60,Perry,Perry
30103,103,227.9,727.4,3.19,19.7,2.1,5.3,12.2,38.3,1.3,0.8,2.8,2.5,0.6,1.6,4.3,5.8,0.0,0.0,6.5,12.1,0,0,0,0,90006,0,0,0,1,3,BOX ELDER,1,Box Elder - WFRC,3,"Brigham City, North Perry",60,Perry,Perry
30104,104,192.8,627.2,3.25,116.0,0.0,0.0,116.0,170.9,0.0,0.0,0.0,0.0,0.0,116.0,0.0,0.0,0.0,0.0,44.7,10.2,0,0,0,0,90006,0,0,0,1,3,BOX ELDER,1,Box Elder - WFRC,3,"Brigham City, North Perry",60,Perry,Perry
30105,105,106.6,268.5,2.52,54.4,12.6,14.5,27.3,75.0,4.9,7.6,10.9,3.6,2.5,6.2,5.8,12.7,0.0,0.0,14.9,5.7,0,0,0,0,80348,0,0,0,1,3,BOX ELDER,1,Box Elder - WFRC,3,"Brigham City, North Perry",60,Perry,Perry
30106,106,208.1,631.6,3.03,76.2,19.7,19.8,36.7,396.7,15.1,4.6,14.8,5.0,3.4,8.5,7.8,17.1,231.1,0.0,78.3,11.0,0,0,0,0,74493,0,0,0,1,3,BOX ELDER,1,Box Elder - WFRC,3,"Brigham City, North Perry",60,Perry,Perry
30107,107,0.0,0.0,0.00,0.0,0.0,0.0,0.0,0.0,0.0,0.0,0.0,0.0,0.0,0.0,0.0,0.0,0.0,0.0,0.0,0.0,0,0,0,0,80348,0,0,0,1,3,BOX ELDER,1,Box Elder - WFRC,4,"South Perry, Willard",60,Perry,Perry
30108,108,167.8,374.8,2.23,0.0,0.0,0.0,0.0,39.7,0.0,0.0,0.0,0.0,0.0,0.0,0.0,0.0,0.0,0.0,30.8,8.9,0,0,0,0,80348,0,0,0,1,3,BOX ELDER,1,Box Elder - WFRC,4,"South Perry, Willard",60,Perry,Perry
30109,109,11.7,29.3,2.51,1.3,0.2,0.4,0.7,4.7,0.1,0.1,0.3,0.1,0.1,0.2,0.2,0.3,0.0,0.0,2.8,0.6,0,0,0,0,71342,0,0,0,1,3,BOX ELDER,1,Box Elder - WFRC,2,Brigham City Area - W of I-15,61,Willard,Willard
30110,110,20.9,91.8,4.39,0.0,0.0,0.0,0.0,4.8,0.0,0.0,0.0,0.0,0.0,0.0,0.0,0.0,0.0,0.0,3.7,1.1,0,0,0,0,80348,0,0,0,1,3,BOX ELDER,1,Box Elder - WFRC,4,"South Perry, Willard",61,Willard,Willard
30111,111,18.4,46.2,2.51,0.0,0.0,0.0,0.0,13.1,0.0,0.0,0.0,0.0,0.0,0.0,0.0,0.0,0.0,0.0,12.1,1.0,0,0,0,0,80348,0,0,0,1,3,BOX ELDER,1,Box Elder - WFRC,4,"South Perry, Willard",61,Willard,Willard
30112,112,46.4,127.5,2.75,0.0,0.0,0.0,0.0,8.1,0.0,0.0,0.0,0.0,0.0,0.0,0.0,0.0,0.0,0.0,5.6,2.5,0,0,0,0,80348,0,0,0,1,3,BOX ELDER,1,Box Elder - WFRC,4,"South Perry, Willard",61,Willard,Willard
30113,113,111.7,303.9,2.72,0.0,0.0,0.0,0.0,18.9,0.0,0.0,0.0,0.0,0.0,0.0,0.0,0.0,0.0,0.0,13.0,5.9,0,0,0,0,80348,0,0,0,1,3,BOX ELDER,1,Box Elder - WFRC,4,"South Perry, Willard",61,Willard,Willard
30114,114,86.9,203.0,2.34,1.9,0.2,1.2,0.5,6.5,0.1,0.1,0.2,1.0,0.0,0.1,0.1,0.2,0.0,0.0,0.0,4.6,0,0,0,0,74493,0,0,0,1,3,BOX ELDER,1,Box Elder - WFRC,4,"South Perry, Willard",61,Willard,Willard
30115,115,5.4,13.6,2.51,89.2,55.5,11.9,21.8,92.3,52.7,2.7,8.9,3.1,2.0,5.1,4.6,10.2,0.0,0.0,2.8,0.3,0,0,0,0,80348,0,0,0,1,3,BOX ELDER,1,Box Elder - WFRC,4,"South Perry, Willard",61,Willard,Willard
30116,116,61.2,153.7,2.51,29.1,2.4,18.9,7.8,67.7,1.5,1.0,17.8,1.1,0.7,1.8,1.6,3.6,0.0,0.0,35.4,3.2,0,0,0,0,80348,0,0,0,1,3,BOX ELDER,1,Box Elder - WFRC,4,"South Perry, Willard",61,Willard,Willard
30117,117,29.9,96.4,3.22,34.2,20.8,4.7,8.7,38.6,19.7,1.1,3.5,1.2,0.8,2.0,1.8,4.0,0.0,0.0,2.8,1.6,0,0,0,0,80348,0,0,0,1,3,BOX ELDER,1,Box Elder - WFRC,4,"South Perry, Willard",61,Willard,Willard
30118,118,54.3,149.2,2.75,0.0,0.0,0.0,0.0,18.7,0.0,0.0,0.0,0.0,0.0,0.0,0.0,0.0,0.0,0.0,15.8,2.9,0,0,0,0,74493,0,0,0,1,3,BOX ELDER,1,Box Elder - WFRC,4,"South Perry, Willard",61,Willard,Willard
30119,119,1.0,4.4,4.39,35.8,0.0,0.0,35.8,35.9,0.0,0.0,0.0,0.0,0.0,35.8,0.0,0.0,0.0,0.0,0.0,0.1,0,0,0,0,80348,0,0,0,1,3,BOX ELDER,1,Box Elder - WFRC,2,Brigham City Area - W of I-15,61,Willard,Willard
30120,120,120.3,264.4,2.20,1.4,1.4,0.0,0.0,35.7,1.4,0.0,0.0,0.0,0.0,0.0,0.0,0.0,0.0,0.0,28.0,6.4,0,0,0,0,80348,0,0,0,1,3,BOX ELDER,1,Box Elder - WFRC,4,"South Perry, Willard",61,Willard,Willard
30121,121,51.0,149.9,2.94,7.9,0.7,2.1,5.1,17.8,0.4,0.3,1.0,1.1,0.2,0.5,0.5,3.8,0.0,3.5,3.7,2.7,0,0,0,0,80348,0,0,0,1,3,BOX ELDER,1,Box Elder - WFRC,4,"South Perry, Willard",61,Willard,Willard
30122,122,88.3,250.1,2.83,0.0,0.0,0.0,0.0,28.0,0.0,0.0,0.0,0.0,0.0,0.0,0.0,0.0,0.0,0.0,23.3,4.7,0,0,0,0,74493,0,0,0,1,3,BOX ELDER,1,Box Elder - WFRC,4,"South Perry, Willard",61,Willard,Willard
30123,123,0.0,0.0,0.00,0.0,0.0,0.0,0.0,0.0,0.0,0.0,0.0,0.0,0.0,0.0,0.0,0.0,0.0,0.0,0.0,0.0,0,0,0,0,80348,0,0,0,1,3,BOX ELDER,1,Box Elder - WFRC,2,Brigham City Area - W of I-15,61,Willard,Willard
30124,124,97.1,217.7,2.24,2.3,0.0,0.0,2.3,14.9,0.0,0.0,0.0,0.0,0.0,0.0,0.0,2.3,0.0,0.0,7.5,5.1,0,0,0,0,80348,0,0,0,1,3,BOX ELDER,1,Box Elder - WFRC,4,"South Perry, Willard",61,Willard,Willard
30125,125,70.0,177.2,2.53,64.3,0.0,0.0,64.3,69.9,0.0,0.0,0.0,0.0,11.4,52.9,0.0,0.0,0.0,0.0,1.9,3.7,0,0,0,0,80348,245,0,0,1,3,BOX ELDER,1,Box Elder - WFRC,4,"South Perry, Willard",61,Willard,Willard
30126,126,175.4,376.2,2.14,10.6,0.7,7.6,2.3,19.9,0.4,0.3,6.4,1.2,0.2,0.5,0.5,1.1,0.0,0.0,0.0,9.3,0,0,0,0,74493,0,0,0,1,3,BOX ELDER,1,Box Elder - WFRC,4,"South Perry, Willard",61,Willard,Willard
30127,127,104.7,271.9,2.60,0.0,0.0,0.0,0.0,9.3,0.0,0.0,0.0,0.0,0.0,0.0,0.0,0.0,0.0,0.0,3.7,5.6,0,0,0,0,80348,0,0,0,1,3,BOX ELDER,1,Box Elder - WFRC,4,"South Perry, Willard",61,Willard,Willard
30128,128,94.9,297.7,3.14,5.9,0.1,5.5,0.3,21.1,0.1,0.0,0.1,5.4,0.0,0.1,0.1,0.1,0.0,0.0,10.3,5.0,0,0,0,0,80348,0,0,0,1,3,BOX ELDER,1,Box Elder - WFRC,4,"South Perry, Willard",61,Willard,Willard
30129,129,64.8,145.3,2.24,0.0,0.0,0.0,0.0,16.4,0.0,0.0,0.0,0.0,0.0,0.0,0.0,0.0,0.0,0.0,13.0,3.4,0,0,0,0,80348,0,0,0,1,3,BOX ELDER,1,Box Elder - WFRC,4,"South Perry, Willard",61,Willard,Willard
30130,130,73.6,90.8,1.23,1.7,0.1,1.1,0.4,7.4,0.1,0.1,1.0,0.1,0.0,0.1,0.1,0.2,0.0,0.0,1.9,3.9,0,0,0,0,74493,0,0,0,1,3,BOX ELDER,1,Box Elder - WFRC,4,"South Perry, Willard",61,Willard,Willard
30131,131,89.6,233.8,2.61,0.0,0.0,0.0,0.0,11.3,0.0,0.0,0.0,0.0,0.0,0.0,0.0,0.0,0.0,0.0,6.5,4.8,0,0,0,0,74493,0,0,0,1,3,BOX ELDER,1,Box Elder - WFRC,4,"South Perry, Willard",61,Willard,Willard
30132,132,117.9,269.6,2.29,6.5,0.7,3.7,2.1,115.0,0.4,0.3,3.4,0.3,0.2,0.5,0.4,1.0,63.0,0.0,39.1,6.3,0,0,0,0,74493,0,0,0,1,3,BOX ELDER,1,Box Elder - WFRC,4,"South Perry, Willard",65,Box Elder County South,Box Elder County South
30133,133,192.4,568.9,2.96,15.6,1.4,2.4,11.8,46.3,0.8,0.6,1.8,0.6,2.7,1.0,0.9,7.1,0.0,0.0,20.5,10.2,0,0,0,0,80348,0,0,0,1,3,BOX ELDER,1,Box Elder - WFRC,4,"South Perry, Willard",65,Box Elder County South,Box Elder County South
30134,134,9.0,29.4,3.27,0.0,0.0,0.0,0.0,5.2,0.0,0.0,0.0,0.0,0.0,0.0,0.0,0.0,0.0,0.0,4.7,0.5,0,0,0,0,80348,0,0,0,1,3,BOX ELDER,1,Box Elder - WFRC,4,"South Perry, Willard",65,Box Elder County South,Box Elder County South
30135,135,3.3,8.9,2.73,0.0,0.0,0.0,0.0,1.1,0.0,0.0,0.0,0.0,0.0,0.0,0.0,0.0,0.0,0.0,0.9,0.2,0,0,0,0,80348,0,0,0,1,3,BOX ELDER,1,Box Elder - WFRC,4,"South Perry, Willard",65,Box Elder County South,Box Elder County South
30136,136,308.0,889.6,2.89,23.7,1.3,6.1,16.2,120.1,0.8,0.5,1.7,4.5,10.2,1.0,0.8,4.3,0.0,0.0,80.1,16.3,0,0,0,0,74493,0,0,0,1,3,BOX ELDER,1,Box Elder - WFRC,4,"South Perry, Willard",65,Box Elder County South,Box Elder County South
30137,137,2.4,6.4,2.73,30.7,0.0,30.7,0.0,32.6,0.0,0.0,0.0,30.7,0.0,0.0,0.0,0.0,0.0,0.0,1.9,0.1,0,0,0,0,80348,0,0,0,1,3,BOX ELDER,1,Box Elder - WFRC,4,"South Perry, Willard",65,Box Elder County South,Box Elder County South
30138,138,211.9,788.8,3.72,54.2,0.2,7.9,46.0,109.2,0.1,0.1,7.8,0.1,26.7,0.2,0.1,19.1,0.0,0.0,43.8,11.2,0,0,0,0,80348,0,0,0,1,3,BOX ELDER,1,Box Elder - WFRC,4,"South Perry, Willard",65,Box Elder County South,Box Elder County South
30139,139,285.2,516.7,1.81,29.0,2.8,4.9,21.3,166.9,1.7,1.1,3.6,1.2,0.8,14.4,1.9,4.2,0.0,17.5,105.3,15.1,0,0,0,0,74493,0,0,0,1,3,BOX ELDER,1,Box Elder - WFRC,4,"South Perry, Willard",65,Box Elder County South,Box Elder County South
30140,140,4.9,5.8,1.20,0.0,0.0,0.0,0.0,1.2,0.0,0.0,0.0,0.0,0.0,0.0,0.0,0.0,0.0,0.0,0.9,0.3,0,0,0,0,80348,0,0,0,1,3,BOX ELDER,1,Box Elder - WFRC,4,"South Perry, Willard",65,Box Elder County South,Box Elder County South
30141,141,5.8,15.8,2.70,0.0,0.0,0.0,0.0,1.2,0.0,0.0,0.0,0.0,0.0,0.0,0.0,0.0,0.0,0.0,0.9,0.3,0,0,0,0,80348,0,0,0,1,3,BOX ELDER,1,Box Elder - WFRC,4,"South Perry, Willard",65,Box Elder County South,Box Elder County South
30142,142,0.0,0.0,0.00,0.0,0.0,0.0,0.0,0.0,0.0,0.0,0.0,0.0,0.0,0.0,0.0,0.0,0.0,0.0,0.0,0.0,0,0,0,0,80348,0,0,0,1,3,BOX ELDER,1,Box Elder - WFRC,4,"South Perry, Willard",65,Box Elder County South,Box Elder County South
30143,143,72.9,161.4,2.21,109.6,45.5,41.7,22.4,121.8,42.7,2.8,9.1,32.6,2.0,5.2,4.7,10.5,0.0,0.0,8.4,3.9,0,0,0,0,80348,0,0,0,1,3,BOX ELDER,1,Box Elder - WFRC,4,"South Perry, Willard",65,Box Elder County South,Box Elder County South
30144,144,0.0,0.0,0.00,0.0,0.0,0.0,0.0,0.0,0.0,0.0,0.0,0.0,0.0,0.0,0.0,0.0,0.0,0.0,0.0,0.0,0,0,0,0,80348,0,0,0,1,3,BOX ELDER,1,Box Elder - WFRC,2,Brigham City Area - W of I-15,55,Balance of BOX ELDER,Balance of BOX ELDER
30145,145,33.0,92.3,2.80,0.0,0.0,0.0,0.0,3.7,0.0,0.0,0.0,0.0,0.0,0.0,0.0,0.0,0.0,0.0,1.9,1.8,0,0,0,0,78516,0,0,0,1,3,BOX ELDER,2,East Box Elder County not WFRC,5,"Mantua, East Mountains",55,Balance of BOX ELDER,Balance of BOX ELDER
30146,146,18.3,45.9,2.51,0.0,0.0,0.0,0.0,2.9,0.0,0.0,0.0,0.0,0.0,0.0,0.0,0.0,0.0,0.0,1.9,1.0,0,0,0,0,79483,0,0,0,1,3,BOX ELDER,2,East Box Elder County not WFRC,5,"Mantua, East Mountains",6,Balance of BOX ELDER,Balance of BOX ELDER
30147,147,2.7,4.0,1.46,0.0,0.0,0.0,0.0,0.1,0.0,0.0,0.0,0.0,0.0,0.0,0.0,0.0,0.0,0.0,0.0,0.1,0,0,0,0,84675,0,0,0,1,3,BOX ELDER,2,East Box Elder County not WFRC,5,"Mantua, East Mountains",55,Balance of BOX ELDER,Balance of BOX ELDER
30148,148,0.0,0.0,0.00,0.0,0.0,0.0,0.0,0.0,0.0,0.0,0.0,0.0,0.0,0.0,0.0,0.0,0.0,0.0,0.0,0.0,0,0,0,0,79483,0,0,0,1,3,BOX ELDER,2,East Box Elder County not WFRC,5,"Mantua, East Mountains",55,Balance of BOX ELDER,Balance of BOX ELDER
30149,149,0.0,0.0,0.00,0.0,0.0,0.0,0.0,0.0,0.0,0.0,0.0,0.0,0.0,0.0,0.0,0.0,0.0,0.0,0.0,0.0,0,0,0,0,79483,0,0,0,1,3,BOX ELDER,2,East Box Elder County not WFRC,5,"Mantua, East Mountains",55,Balance of BOX ELDER,Balance of BOX ELDER
30150,150,604.2,1618.7,2.68,155.1,30.8,13.3,111.0,297.1,28.0,2.8,9.3,4.0,6.5,51.7,15.1,37.7,0.0,0.0,110.0,32.1,0,0,0,0,84445,0,0,0,1,3,BOX ELDER,2,East Box Elder County not WFRC,5,"Mantua, East Mountains",59,Mantua,Mantua
30151,151,21.4,103.2,4.83,46.3,4.7,26.9,14.8,47.4,2.8,1.8,24.7,2.1,1.3,3.5,3.1,6.9,0.0,0.0,0.0,1.1,0,0,0,0,84675,0,0,0,1,3,BOX ELDER,2,East Box Elder County not WFRC,5,"Mantua, East Mountains",55,Balance of BOX ELDER,Balance of BOX ELDER
30152,152,0.0,0.0,0.00,0.0,0.0,0.0,0.0,0.0,0.0,0.0,0.0,0.0,0.0,0.0,0.0,0.0,0.0,0.0,0.0,0.0,0,0,0,0,74493,0,0,0,1,3,BOX ELDER,2,East Box Elder County not WFRC,6,WE - Southeast Mountains,55,Balance of BOX ELDER,Balance of BOX ELDER
30153,153,0.0,0.0,0.00,0.0,0.0,0.0,0.0,0.0,0.0,0.0,0.0,0.0,0.0,0.0,0.0,0.0,0.0,0.0,0.0,0.0,0,0,0,0,74493,0,0,0,1,3,BOX ELDER,2,East Box Elder County not WFRC,6,WE - Southeast Mountains,55,Balance of BOX ELDER,Balance of BOX ELDER
